speaking_score,reading_score,listening_score,writing_score,strongest_skill,weakest_skill,second_weakest_skill,skill_std,strength_weakness_gap,productive_receptive_ratio,avg_score,learning_profile
24,38,30,34,reading,speaking,listening,5.972157622389639,14,0.8529411639273359,31.5,Uneven Development
93,91,90,89,speaking,writing,listening,1.707825127659933,4,1.0055248563230672,90.75,Balanced
62,64,64,55,reading,writing,speaking,4.272001872658765,9,0.9140624928588867,61.25,Balanced
63,59,54,54,speaking,listening,listening,4.358898943540674,9,1.0353982209256796,57.5,Balanced
79,74,85,79,listening,reading,speaking,4.5,11,0.9937106855741467,79.25,Balanced
57,64,59,57,reading,speaking,writing,3.304037933599835,7,0.9268292607574857,59.25,Balanced
49,44,53,51,listening,reading,speaking,3.8622100754188224,9,1.0309278244234246,49.25,Balanced
80,73,83,80,listening,reading,speaking,4.242640687119285,10,1.0256410190664038,79.0,Balanced
47,53,44,50,reading,listening,speaking,3.872983346207417,9,0.9999999896907218,48.5,Balanced
64,64,68,56,listening,writing,speaking,5.033222956847166,12,0.9090909022038568,63.0,Uneven Development
55,44,39,51,speaking,listening,reading,7.135591542869215,16,1.2771084183480914,47.25,Uneven Development
35,37,34,36,reading,listening,speaking,1.2909944487358056,3,0.9999999859154932,35.5,Balanced
43,43,45,47,writing,speaking,reading,1.9148542155126762,4,1.0227272611053722,44.5,Balanced
53,44,54,50,listening,reading,writing,4.5,10,1.0510203974385675,50.25,Balanced
65,67,68,71,writing,speaking,reading,2.5,6,1.0074073999451303,67.75,Balanced
35,25,28,31,speaking,reading,listening,4.272001872658765,10,1.245282995372019,29.75,Balanced
68,69,62,61,reading,writing,listening,4.08248290463863,8,0.9847328169104366,65.0,Balanced
83,72,73,74,speaking,reading,listening,5.066228051190222,11,1.0827586132223543,75.5,Balanced
62,66,58,57,reading,writing,listening,4.112987559751022,9,0.9596774116155048,60.75,Balanced
87,91,87,90,reading,speaking,listening,2.0615528128088303,4,0.9943820168854943,88.75,Balanced
71,78,78,81,writing,speaking,reading,4.242640687119285,10,0.9743589681130835,77.0,Balanced
87,89,89,86,reading,writing,speaking,1.5,3,0.9719101068993814,87.75,Balanced
85,89,89,90,writing,speaking,reading,2.217355782608345,5,0.9831460618924379,88.25,Balanced
65,63,66,58,listening,writing,reading,3.559026084010437,8,0.9534883647016406,63.0,Balanced
40,44,55,46,listening,speaking,reading,6.34428877022476,15,0.8686868599122539,46.25,Uneven Development
55,64,55,66,writing,speaking,listening,5.830951894845301,11,1.0168067141444814,60.0,Balanced
99,95,99,100,writing,reading,speaking,2.217355782608345,5,1.025773190588798,98.25,Balanced
96,96,99,96,listening,speaking,reading,1.5,3,0.984615379566075,96.75,Balanced
59,66,60,61,reading,speaking,listening,3.1091263510296048,7,0.9523809448223735,61.5,Balanced
42,43,47,46,listening,speaking,reading,2.3804761428476167,5,0.9777777669135804,44.5,Balanced
67,68,62,63,reading,listening,writing,2.943920288775949,6,0.9999999923076924,65.0,Balanced
65,67,62,58,reading,writing,listening,3.9157800414902435,9,0.9534883647016406,63.0,Balanced
100,97,98,98,speaking,reading,listening,1.2583057392117916,3,1.0153846101775148,98.25,Balanced
45,52,52,51,reading,speaking,writing,3.366501646120693,7,0.9230769142011835,50.0,Balanced
90,92,90,89,reading,writing,speaking,1.2583057392117916,3,0.9835164781125468,90.25,Balanced
28,37,36,40,writing,speaking,listening,5.123475382979799,12,0.9315068365547009,35.25,Uneven Development
73,86,73,81,reading,speaking,listening,6.3966136874651625,13,0.9685534530279657,78.25,Uneven Development
53,54,53,50,reading,writing,speaking,1.7320508075688772,4,0.9626168134334877,52.5,Balanced
35,34,34,37,writing,reading,listening,1.4142135623730951,3,1.0588235138408306,35.0,Balanced
58,60,57,55,reading,writing,listening,2.0816659994661326,5,0.9658119575571628,57.5,Balanced
95,93,98,98,listening,reading,speaking,2.449489742783178,5,1.0104711988980566,96.0,Balanced
80,82,81,83,writing,speaking,listening,1.2909944487358056,3,0.9999999938650307,81.5,Balanced
82,79,78,71,speaking,writing,listening,4.654746681256314,11,0.9745222867864822,77.5,Balanced
55,63,62,66,writing,speaking,listening,4.654746681256314,11,0.9679999922560001,61.5,Balanced
89,85,85,85,speaking,reading,listening,2.0,4,1.0235294057439448,86.0,Balanced
59,60,59,60,reading,speaking,listening,0.5773502691896257,1,0.9999999915966388,59.5,Balanced
88,88,87,90,writing,listening,speaking,1.2583057392117916,3,1.0171428513306122,88.25,Balanced
35,35,37,40,writing,speaking,reading,2.362907813126304,5,1.0416666521990743,36.75,Balanced
72,67,57,70,speaking,listening,reading,6.658328118479393,15,1.145161281087409,66.5,Uneven Development
29,34,42,24,listening,writing,speaking,7.675719293112969,18,0.6973684118767315,32.25,Uneven Development
77,80,82,78,listening,speaking,writing,2.217355782608345,5,0.9567901175506783,79.25,Balanced
46,51,47,44,reading,writing,speaking,2.943920288775949,7,0.9183673375676803,47.0,Balanced
76,83,80,84,writing,speaking,listening,3.593976442141304,8,0.9815950860024841,80.75,Balanced
53,52,55,47,listening,writing,reading,3.4034296427770228,8,0.9345794305179492,51.75,Balanced
77,77,74,72,speaking,writing,listening,2.449489742783178,5,0.9867549603526162,75.0,Balanced
99,96,97,95,speaking,writing,reading,1.707825127659933,4,1.0051813419420657,96.75,Balanced
47,44,54,53,listening,reading,speaking,4.795831523312719,10,1.020408152852978,49.5,Balanced
55,50,60,58,listening,reading,speaking,4.349329450233296,10,1.0272727179338843,55.75,Balanced
97,95,95,94,speaking,writing,reading,1.2583057392117916,3,1.0052631526038782,95.25,Balanced
89,88,88,89,speaking,reading,listening,0.5773502691896257,1,1.0113636306172522,88.5,Balanced
86,92,86,89,reading,speaking,listening,2.8722813232690143,6,0.9831460618924379,88.25,Balanced
28,31,30,27,reading,writing,speaking,1.8257418583505538,4,0.9016393294813225,29.0,Balanced
88,89,94,91,listening,speaking,reading,2.6457513110645907,6,0.9781420711576936,90.5,Balanced
26,33,27,39,writing,speaking,listening,6.020797289396148,13,1.0833333152777782,31.25,Uneven Development
77,86,70,78,reading,listening,speaking,6.551081335677848,16,0.9935897372205786,77.75,Uneven Development
52,48,51,42,speaking,writing,reading,4.5,10,0.9494949399040915,48.25,Balanced
95,93,92,93,speaking,listening,reading,1.2583057392117916,3,1.0162162107231556,93.25,Balanced
42,53,54,41,listening,writing,speaking,6.95221787153807,13,0.7757009273298979,47.5,Uneven Development
32,30,33,31,listening,reading,writing,1.2909944487358056,3,0.9999999841269844,31.5,Balanced
68,53,56,65,speaking,reading,listening,7.14142842854285,15,1.2201834750441882,60.5,Uneven Development
99,96,96,97,speaking,reading,listening,1.4142135623730951,3,1.0208333280164932,97.0,Balanced
73,74,75,69,listening,writing,speaking,2.6299556396765835,6,0.9530201278320797,72.75,Balanced
29,27,32,25,listening,writing,reading,2.9860788111948193,7,0.9152542217753522,28.25,Balanced
28,28,28,41,writing,speaking,reading,6.5,13,1.2321428351403065,31.25,Uneven Development
99,93,94,98,speaking,reading,listening,2.943920288775949,6,1.0534759301953158,96.0,Balanced
51,44,45,49,speaking,reading,listening,3.304037933599835,7,1.1235954929933092,47.25,Balanced
76,80,80,82,writing,speaking,reading,2.516611478423583,6,0.987499993828125,79.5,Balanced
46,44,47,43,listening,writing,reading,1.8257418583505538,4,0.9780219672744839,45.0,Balanced
53,68,61,57,reading,speaking,writing,6.3966136874651625,15,0.8527131716843941,59.75,Uneven Development
85,82,77,80,speaking,listening,writing,3.366501646120693,8,1.0377358425299632,81.0,Balanced
41,31,27,32,speaking,listening,reading,5.909032633745278,14,1.2586206679548162,32.75,Uneven Development
44,47,45,43,reading,writing,speaking,1.707825127659933,4,0.9456521636342157,44.75,Balanced
50,47,50,52,writing,reading,speaking,2.0615528128088303,5,1.051546380911893,49.75,Balanced
62,60,59,61,speaking,listening,reading,1.2909944487358056,3,1.033613436692324,60.5,Balanced
83,78,77,77,speaking,listening,listening,2.8722813232690143,6,1.0322580578563996,78.75,Balanced
75,77,85,75,listening,speaking,writing,4.760952285695233,10,0.9259259202103338,78.0,Balanced
37,26,34,38,writing,reading,listening,5.439056290693573,12,1.2499999791666672,33.75,Uneven Development
45,44,53,42,listening,writing,reading,4.83045891539648,11,0.8969072072483794,46.0,Balanced
59,60,67,70,writing,speaking,reading,5.354126134736337,11,1.0157480234980472,64.0,Balanced
60,56,64,59,listening,reading,writing,3.304037933599835,8,0.9916666584027779,59.75,Balanced
55,63,61,57,reading,speaking,writing,3.6514837167011076,8,0.9032257991675339,59.0,Balanced
72,73,80,69,listening,writing,speaking,4.654746681256314,11,0.921568621427656,73.5,Balanced
41,49,42,55,writing,speaking,listening,6.551081335677848,14,1.0549450433522523,46.75,Uneven Development
93,100,100,94,reading,speaking,writing,3.774917217635375,7,0.934999995325,96.75,Balanced
34,28,36,42,writing,reading,speaking,5.773502691896258,14,1.1874999814453129,35.0,Uneven Development
53,52,47,43,speaking,writing,listening,4.645786621588784,10,0.969696959902051,48.75,Balanced
76,74,83,86,writing,reading,speaking,5.678908345800274,12,1.031847127185687,79.75,Uneven Development
37,39,36,38,reading,listening,speaking,1.2909944487358056,3,0.9999999866666669,37.5,Balanced
66,64,67,65,listening,reading,writing,1.2909944487358056,3,0.9999999923664122,65.5,Balanced
49,44,52,57,writing,reading,speaking,5.446711546122731,13,1.1041666551649307,50.5,Uneven Development
25,32,27,28,reading,speaking,listening,2.943920288775949,7,0.8983050695202531,28.0,Balanced
57,62,69,59,listening,speaking,writing,5.251983752196243,12,0.8854961764465941,61.75,Uneven Development
40,45,47,48,writing,speaking,reading,3.559026084010437,8,0.9565217287334595,45.0,Balanced
84,84,77,75,speaking,writing,listening,4.69041575982343,9,0.9875776336175303,80.0,Balanced
33,25,31,28,speaking,reading,writing,3.5,8,1.089285694834184,29.25,Balanced
28,38,34,36,reading,speaking,listening,4.320493798938574,10,0.88888887654321,34.0,Balanced
70,64,56,67,speaking,listening,reading,6.020797289396148,14,1.1416666571527778,64.25,Uneven Development
45,52,54,44,listening,writing,speaking,4.9916597106239795,10,0.8396226335884658,48.75,Balanced
37,25,30,28,speaking,reading,writing,5.0990195135927845,12,1.1818181603305788,30.0,Uneven Development
47,44,53,53,listening,reading,speaking,4.5,9,1.0309278244234246,49.25,Balanced
84,77,71,86,writing,listening,reading,6.855654600401044,15,1.1486486408875092,79.5,Uneven Development
62,55,65,64,listening,reading,speaking,4.509249752822894,10,1.04999999125,61.5,Balanced
76,79,81,76,listening,speaking,writing,2.449489742783178,5,0.9499999940625,78.0,Balanced
57,61,56,68,writing,listening,speaking,5.446711546122731,12,1.0683760592446492,60.5,Uneven Development
82,85,83,84,reading,speaking,listening,1.2909944487358056,3,0.9880952322137189,83.5,Balanced
48,53,47,53,reading,listening,speaking,3.2015621187164243,6,1.0099999899,50.25,Balanced
62,66,59,58,reading,writing,listening,3.593976442141304,8,0.9599999923200001,61.25,Balanced
57,67,62,54,reading,writing,speaking,5.715476066494082,13,0.8604651096087976,60.0,Uneven Development
96,95,100,100,listening,reading,speaking,2.6299556396765835,5,1.0051281999737016,97.75,Balanced
65,69,58,67,reading,listening,speaking,4.7871355387816905,11,1.0393700705561413,64.75,Balanced
45,42,51,41,listening,writing,reading,4.5,10,0.924731172852353,44.75,Balanced
48,50,55,46,listening,writing,speaking,3.8622100754188224,9,0.8952380867120182,49.75,Balanced
25,39,37,30,reading,speaking,writing,6.4485140407177015,14,0.7236842010041553,32.75,Uneven Development
57,61,57,69,writing,speaking,listening,5.656854249492381,12,1.067796601120368,61.0,Uneven Development
90,89,86,88,speaking,listening,writing,1.707825127659933,4,1.0171428513306122,88.25,Balanced
47,50,44,51,writing,listening,speaking,3.1622776601683795,7,1.0425531803983705,48.0,Balanced
85,70,76,75,speaking,reading,writing,6.244997998398398,15,1.0958904034528054,76.5,Uneven Development
48,55,45,46,reading,listening,writing,4.509249752822894,10,0.9399999906000002,48.5,Balanced
88,90,92,87,listening,writing,speaking,2.217355782608345,5,0.9615384562552832,89.25,Balanced
60,64,68,63,listening,speaking,writing,3.304037933599835,8,0.9318181747589532,63.75,Balanced
32,28,25,33,writing,listening,reading,3.696845502136472,8,1.2264150711997157,29.5,Balanced
71,77,77,81,writing,speaking,reading,4.123105625617661,10,0.9870129806038118,76.5,Balanced
88,86,91,85,listening,writing,reading,2.6457513110645907,6,0.9774011244214625,87.5,Balanced
87,86,84,93,writing,listening,reading,3.872983346207417,9,1.0588235231833911,87.5,Balanced
47,54,49,52,reading,speaking,listening,3.1091263510296048,7,0.9611650392119899,50.5,Balanced
62,65,63,60,reading,writing,speaking,2.0816659994661326,5,0.953124992553711,62.5,Balanced
74,76,73,70,reading,writing,listening,2.5,6,0.9664429465339399,73.25,Balanced
93,97,98,93,listening,speaking,writing,2.6299556396765835,5,0.9538461489546352,95.25,Balanced
47,45,48,46,listening,reading,writing,1.2909944487358056,3,0.9999999892473119,46.5,Balanced
84,87,86,85,reading,speaking,writing,1.2909944487358056,3,0.9768786070700659,85.5,Balanced
34,38,36,32,reading,writing,speaking,2.581988897471611,6,0.891891879839299,35.0,Balanced
77,82,75,74,reading,writing,listening,3.559026084010437,8,0.9617834333644367,77.0,Balanced
79,78,84,76,listening,writing,reading,3.4034296427770228,8,0.9567901175506783,79.25,Balanced
33,31,27,27,speaking,listening,listening,3.0,6,1.0344827407847803,29.5,Balanced
68,69,67,54,reading,writing,listening,7.047458170621991,15,0.8970588169333911,64.5,Uneven Development
51,41,39,47,speaking,listening,reading,5.507570547286102,12,1.2249999846875002,44.5,Uneven Development
49,53,52,47,reading,writing,speaking,2.753785273643051,6,0.9142857055782314,50.25,Balanced
50,52,55,41,listening,writing,speaking,6.027713773341708,14,0.8504672817713338,49.5,Uneven Development
42,46,41,56,writing,listening,speaking,6.849574196011505,15,1.1264367686616463,46.25,Uneven Development
77,79,85,73,listening,writing,speaking,5.0,12,0.914634140764426,78.5,Uneven Development
39,48,44,56,writing,speaking,listening,7.182153808805081,17,1.0326086844281666,46.75,Uneven Development
29,34,34,31,reading,speaking,writing,2.449489742783178,5,0.8823529282006922,32.0,Balanced
51,47,42,48,speaking,listening,reading,3.7416573867739413,9,1.112359538063376,47.0,Balanced
65,63,68,70,writing,reading,speaking,3.1091263510296048,7,1.0305343432783638,66.5,Balanced
52,52,55,44,listening,writing,speaking,4.716990566028302,11,0.8971962532972313,50.75,Balanced
63,57,62,57,speaking,reading,writing,3.2015621187164243,6,1.00840335287056,59.75,Balanced
53,42,44,44,speaking,reading,listening,4.924428900898052,11,1.127906963628989,45.75,Balanced
77,85,84,76,reading,writing,speaking,4.654746681256314,9,0.905325438430027,80.5,Balanced
76,78,79,77,listening,speaking,writing,1.2909944487358056,3,0.9745222867864822,77.5,Balanced
52,51,54,50,listening,writing,reading,1.707825127659933,4,0.9714285621768709,51.75,Balanced
65,62,71,57,listening,writing,reading,5.852349955359813,14,0.9172932261857653,63.75,Uneven Development
28,36,41,27,listening,writing,speaking,6.683312551921141,14,0.7142857050092766,33.0,Uneven Development
86,76,77,71,speaking,writing,reading,6.244997998398398,15,1.0261437841428511,77.5,Uneven Development
39,36,27,30,speaking,listening,writing,5.477225575051661,12,1.095238077853364,33.0,Uneven Development
78,80,72,70,reading,writing,listening,4.760952285695233,10,0.9736842041204987,75.0,Balanced
53,49,42,40,speaking,writing,listening,6.0553007081949835,13,1.0219780107474945,46.0,Uneven Development
94,96,93,99,writing,listening,speaking,2.6457513110645907,6,1.0211640157610369,95.5,Balanced
99,100,97,94,reading,writing,listening,2.6457513110645907,6,0.979695426499008,97.5,Balanced
90,92,87,89,reading,listening,writing,2.0816659994661326,5,0.9999999944134078,89.5,Balanced
74,72,80,83,writing,reading,speaking,5.123475382979799,11,1.0328947300467453,77.25,Balanced
97,100,93,93,reading,listening,listening,3.4034296427770228,7,0.9844559534484147,95.75,Balanced
58,66,63,59,reading,speaking,writing,3.696845502136472,8,0.9069767371552191,61.5,Balanced
30,40,33,32,reading,speaking,writing,4.349329450233296,10,0.8493150568586979,33.75,Balanced
98,97,93,91,speaking,writing,listening,3.304037933599835,7,0.9947368368698062,94.75,Balanced
47,54,53,45,reading,writing,speaking,4.425306015783918,9,0.8598130760765134,49.75,Balanced
79,81,71,74,reading,listening,writing,4.573474244670748,10,1.0065789407461911,76.25,Balanced
96,93,100,93,listening,reading,writing,3.3166247903554,7,0.9792746063250021,95.5,Balanced
86,90,87,92,writing,speaking,listening,2.753785273643051,6,1.0056497118324874,88.75,Balanced
40,27,32,29,speaking,reading,writing,5.715476066494082,13,1.169491505601839,32.0,Uneven Development
50,47,45,49,speaking,listening,reading,2.217355782608345,5,1.076086944825142,47.75,Balanced
63,57,55,58,speaking,listening,reading,3.4034296427770228,8,1.080357133211097,58.25,Balanced
47,43,47,49,writing,reading,speaking,2.516611478423583,6,1.066666654814815,46.5,Balanced
82,76,76,72,speaking,writing,reading,4.123105625617661,10,1.0131578880713297,76.5,Balanced
49,44,52,54,writing,reading,speaking,4.349329450233296,10,1.0729166554904515,49.75,Balanced
72,72,79,71,listening,writing,speaking,3.696845502136472,8,0.9470198612780142,73.5,Balanced
27,33,31,28,reading,speaking,writing,2.753785273643051,6,0.8593749865722659,29.75,Balanced
73,78,79,80,writing,speaking,reading,3.1091263510296048,7,0.9745222867864822,77.5,Balanced
85,85,88,90,writing,speaking,reading,2.449489742783178,5,1.011560687794447,87.0,Balanced
97,95,93,95,speaking,listening,reading,1.632993161855452,4,1.0212765903123586,95.0,Balanced
66,63,72,62,listening,writing,reading,4.5,10,0.9481481411248286,65.75,Balanced
74,85,82,73,reading,writing,speaking,5.916079783099616,12,0.8802395156871885,78.5,Uneven Development
48,50,45,56,writing,listening,speaking,4.645786621588784,11,1.0947368305817176,49.75,Balanced
69,55,61,62,speaking,reading,listening,5.737304826019502,14,1.1293103350921523,61.75,Uneven Development
37,37,38,27,listening,writing,speaking,5.188127472091127,11,0.8533333219555558,34.75,Balanced
89,91,89,89,reading,speaking,listening,1.0,2,0.9888888833950618,89.5,Balanced
48,53,42,44,reading,listening,writing,4.856267428111155,11,0.9684210424376732,46.75,Balanced
82,84,73,81,reading,listening,writing,4.83045891539648,11,1.0382165538967099,80.0,Balanced
50,40,52,40,listening,reading,writing,6.4031242374328485,12,0.9782608589319473,45.5,Uneven Development
87,76,71,76,speaking,listening,reading,6.757711644237764,16,1.1088435298718127,77.5,Uneven Development
81,83,82,80,reading,writing,speaking,1.2909944487358056,3,0.9757575698438935,81.5,Balanced
54,52,55,50,listening,writing,reading,2.217355782608345,5,0.9719626077386673,52.75,Balanced
31,36,40,30,listening,writing,speaking,4.645786621588784,10,0.8026315683864268,34.25,Balanced
86,86,85,89,writing,listening,speaking,1.7320508075688772,4,1.0233918068807497,86.5,Balanced
88,90,87,88,reading,listening,speaking,1.2583057392117916,3,0.9943502768680775,88.25,Balanced
47,42,40,41,speaking,listening,writing,3.1091263510296048,7,1.0731707186198693,42.5,Balanced
35,38,25,30,reading,listening,writing,5.715476066494082,13,1.031746015369111,32.0,Uneven Development
78,71,80,79,listening,reading,speaking,4.08248290463863,9,1.0397350924520854,77.0,Balanced
75,76,81,82,writing,speaking,reading,3.5118845842842465,7,0.9999999936305733,78.5,Balanced
58,70,65,59,reading,speaking,writing,5.597618541248888,12,0.8666666602469136,63.0,Uneven Development
89,92,84,85,reading,listening,writing,3.696845502136472,8,0.9886363580191116,87.5,Balanced
87,89,85,88,reading,listening,speaking,1.707825127659933,4,1.0057471206566257,87.25,Balanced
58,64,59,63,reading,speaking,listening,2.943920288775949,6,0.9837398294004892,61.0,Balanced
27,41,39,26,reading,writing,speaking,7.847504911329036,15,0.6624999917187501,33.25,Uneven Development
63,60,62,60,speaking,reading,writing,1.5,3,1.008196713047568,61.25,Balanced
100,93,94,97,speaking,reading,listening,3.1622776601683795,7,1.0534759301953158,96.0,Balanced
84,82,77,74,speaking,writing,listening,4.573474244670748,10,0.9937106855741467,79.25,Balanced
47,38,40,44,speaking,reading,listening,4.031128874149275,9,1.166666651709402,42.25,Balanced
51,48,53,41,listening,writing,reading,5.251983752196243,12,0.9108910800901874,48.25,Uneven Development
59,68,55,58,reading,listening,writing,5.597618541248888,13,0.9512195044616301,60.0,Uneven Development
48,53,38,40,reading,listening,writing,6.994045086119096,15,0.9670329564062313,44.75,Uneven Development
36,27,27,25,speaking,writing,reading,4.924428900898052,11,1.1296296087105628,28.75,Balanced
49,51,54,44,listening,writing,speaking,4.203173404306164,10,0.8857142772789117,49.5,Balanced
37,24,27,34,speaking,reading,listening,6.027713773341708,13,1.3921568354479052,30.5,Uneven Development
86,89,88,87,reading,speaking,writing,1.2909944487358056,3,0.9774011244214625,87.5,Balanced
37,34,25,27,speaking,listening,writing,5.678908345800274,12,1.0847457443263433,30.75,Uneven Development
45,52,40,48,reading,listening,speaking,5.057996968497839,12,1.0108695542296788,46.25,Uneven Development
50,41,40,43,speaking,listening,reading,4.509249752822894,10,1.1481481339734798,43.5,Balanced
40,54,45,46,reading,speaking,listening,5.795112883571237,14,0.8686868599122539,46.25,Uneven Development
77,85,70,78,reading,listening,speaking,6.137317546507322,15,0.9999999935483872,77.5,Uneven Development
49,45,42,44,speaking,listening,writing,2.943920288775949,7,1.0689655049544196,45.0,Balanced
39,34,25,36,speaking,listening,reading,6.027713773341708,14,1.2711864191324336,33.5,Uneven Development
36,30,38,41,writing,reading,speaking,4.645786621588784,11,1.1323529245242216,36.25,Balanced
60,54,69,56,listening,reading,writing,6.652067347825035,15,0.9430894232269152,59.75,Uneven Development
29,42,35,38,reading,speaking,listening,5.477225575051661,13,0.8701298588294823,36.0,Uneven Development
67,64,69,65,listening,reading,writing,2.217355782608345,5,0.9924811955452542,66.25,Balanced
44,40,38,42,speaking,listening,reading,2.581988897471611,6,1.1025640884286656,41.0,Balanced
43,48,45,40,reading,writing,speaking,3.366501646120693,8,0.8924731086830848,44.0,Balanced
33,31,32,35,writing,reading,listening,1.707825127659933,4,1.0793650622323006,32.75,Balanced
88,89,92,86,listening,writing,speaking,2.5,6,0.9613259615396356,88.75,Balanced
67,56,65,69,writing,reading,listening,5.737304826019502,13,1.1239669328597774,64.25,Uneven Development
90,93,95,88,listening,writing,speaking,3.1091263510296048,7,0.9468085056020824,91.5,Balanced
99,97,93,98,speaking,listening,reading,2.6299556396765835,6,1.0368420998060943,96.75,Balanced
49,46,39,50,writing,listening,reading,4.96655480858378,11,1.1647058686505192,46.0,Balanced
45,51,55,47,listening,speaking,writing,4.43471156521669,10,0.8679245201139196,49.5,Balanced
32,40,30,36,reading,listening,speaking,4.43471156521669,10,0.9714285575510206,34.5,Balanced
91,86,92,90,listening,reading,writing,2.6299556396765835,6,1.0168539268716072,89.75,Balanced
41,33,31,36,speaking,listening,reading,4.349329450233296,10,1.2031249812011722,35.25,Balanced
59,61,60,58,reading,writing,speaking,1.2909944487358056,3,0.9669421407690733,59.5,Balanced
27,29,28,26,reading,writing,speaking,1.2909944487358056,3,0.9298245450907975,27.5,Balanced
92,90,87,90,speaking,listening,reading,2.0615528128088303,5,1.0282485817613074,89.75,Balanced
78,76,77,79,writing,reading,listening,1.2909944487358056,3,1.0261437841428511,77.5,Balanced
75,78,77,81,writing,speaking,listening,2.5,6,1.0064516064099898,77.75,Balanced
55,41,54,52,speaking,reading,writing,6.454972243679028,14,1.1263157776177286,50.5,Uneven Development
41,26,35,34,speaking,reading,writing,6.164414002968976,15,1.2295081765654399,34.0,Uneven Development
76,76,81,73,listening,writing,speaking,3.3166247903554,8,0.9490445799423912,76.5,Balanced
58,68,61,65,reading,speaking,listening,4.396968652757639,10,0.9534883647016406,63.0,Balanced
95,97,94,98,writing,listening,speaking,1.8257418583505538,4,1.0104711988980566,96.0,Balanced
31,41,29,37,reading,listening,speaking,5.507570547286102,12,0.9714285575510206,34.5,Uneven Development
34,38,26,29,reading,listening,writing,5.315072906367325,12,0.9843749846191409,31.75,Uneven Development
77,70,75,72,speaking,reading,writing,3.1091263510296048,7,1.0275861998097504,73.5,Balanced
43,46,48,48,listening,speaking,reading,2.362907813126304,5,0.9680850960842011,46.25,Balanced
29,33,25,39,writing,listening,speaking,5.972157622389639,14,1.1724137728894177,31.5,Uneven Development
90,93,91,86,reading,writing,speaking,2.943920288775949,7,0.9565217339319471,90.0,Balanced
55,61,60,64,writing,speaking,listening,3.7416573867739413,9,0.9834710662523053,60.0,Balanced
80,71,80,70,speaking,writing,reading,5.5,10,0.9933774768650498,75.25,Balanced
74,82,75,74,reading,speaking,writing,3.8622100754188224,8,0.9426751532313684,76.25,Balanced
37,33,41,32,listening,writing,reading,4.112987559751022,9,0.9324324198319943,35.75,Balanced
99,99,96,100,writing,listening,speaking,1.7320508075688772,4,1.0205128152794214,98.5,Balanced
27,36,26,39,writing,listening,speaking,6.48074069840786,13,1.0645161118626434,32.0,Uneven Development
56,61,67,62,listening,speaking,reading,4.509249752822894,11,0.9218749927978517,61.5,Balanced
77,72,70,71,speaking,listening,writing,3.1091263510296048,7,1.042253513786947,72.5,Balanced
68,58,59,66,speaking,reading,listening,4.9916597106239795,10,1.1452991355102637,62.75,Balanced
57,66,62,70,writing,speaking,listening,5.560275772537426,13,0.9921874922485352,63.75,Uneven Development
93,96,94,93,reading,speaking,writing,1.4142135623730951,3,0.9789473632686981,94.0,Balanced
70,55,65,64,speaking,reading,writing,6.244997998398398,15,1.1166666573611113,63.5,Uneven Development
70,74,72,68,reading,writing,speaking,2.581988897471611,6,0.9452054729780447,71.0,Balanced
85,80,75,84,speaking,listening,reading,4.546060565661952,10,1.0903225736108222,81.0,Balanced
100,94,95,99,speaking,reading,listening,2.943920288775949,6,1.0529100473391002,97.0,Balanced
63,65,62,64,reading,listening,speaking,1.2909944487358056,3,0.9999999921259843,63.5,Balanced
50,53,51,45,reading,writing,speaking,3.4034296427770228,8,0.9134615296782546,49.75,Balanced
69,70,64,56,reading,writing,listening,6.3966136874651625,14,0.9328358139340611,64.75,Uneven Development
56,43,40,55,speaking,listening,reading,8.18535277187245,16,1.3373493814777184,48.5,Uneven Development
97,95,99,93,listening,writing,reading,2.581988897471611,6,0.9793814382506112,96.0,Balanced
30,28,27,28,speaking,listening,reading,1.2583057392117916,3,1.0545454353719013,28.25,Balanced
45,51,40,44,reading,listening,writing,4.546060565661952,11,0.9780219672744839,45.0,Balanced
40,31,33,26,speaking,writing,reading,5.802298395176403,14,1.031249983886719,32.5,Uneven Development
35,27,30,33,speaking,reading,listening,3.5,8,1.1929824352108345,31.25,Balanced
67,63,72,59,listening,writing,reading,5.560275772537426,13,0.9333333264197532,65.25,Uneven Development
95,99,98,100,writing,speaking,listening,2.160246899469287,5,0.989847710711433,98.0,Balanced
35,33,26,31,speaking,listening,writing,3.8622100754188224,9,1.1186440488365417,31.25,Balanced
100,97,94,97,speaking,listening,reading,2.449489742783178,6,1.031413607165374,97.0,Balanced
27,26,33,34,writing,reading,speaking,4.08248290463863,8,1.033898287561046,30.0,Balanced
66,68,62,70,writing,listening,speaking,3.415650255319866,8,1.046153838106509,66.5,Balanced
75,75,82,85,writing,speaking,reading,5.057996968497839,10,1.0191082737636417,79.25,Balanced
37,39,35,30,reading,writing,listening,3.8622100754188224,9,0.9054053931701974,35.25,Balanced
37,32,26,37,speaking,listening,reading,5.228129047119374,11,1.2758620469678958,33.0,Balanced
35,28,28,28,speaking,reading,listening,3.5,7,1.1249999799107147,29.75,Balanced
50,52,48,49,reading,listening,writing,1.707825127659933,4,0.9899999901000002,49.75,Balanced
85,89,90,92,writing,speaking,reading,2.943920288775949,7,0.988826810118286,89.0,Balanced
95,96,96,95,reading,speaking,writing,0.5773502691896257,1,0.9895833281792535,95.5,Balanced
57,47,51,47,speaking,reading,writing,4.725815626252608,10,1.0612244789670973,50.5,Balanced
63,68,68,59,reading,writing,speaking,4.358898943540674,9,0.8970588169333911,64.5,Balanced
68,56,67,56,speaking,reading,writing,6.652067347825035,12,1.0081300731046337,61.75,Uneven Development
72,82,78,75,reading,speaking,writing,4.272001872658765,10,0.9187499942578126,76.75,Balanced
31,29,31,40,writing,reading,speaking,4.924428900898052,11,1.1833333136111115,32.75,Balanced
86,76,78,75,speaking,writing,reading,4.9916597106239795,11,1.0454545386658796,78.75,Balanced
42,42,43,43,listening,speaking,reading,0.5773502691896257,1,0.9999999882352942,42.5,Balanced
26,35,27,29,reading,speaking,listening,4.031128874149275,9,0.8870967598855362,29.25,Balanced
90,90,88,89,speaking,listening,writing,0.9574271077563381,2,1.0056179718785507,89.25,Balanced
86,91,91,87,reading,speaking,writing,2.6299556396765835,5,0.9505494453266514,88.75,Balanced
38,27,37,31,speaking,reading,writing,5.188127472091127,11,1.0781249831542972,33.25,Balanced
86,69,68,82,speaking,listening,reading,9.105858919765158,18,1.226277363311844,76.25,Uneven Development
26,28,31,29,listening,speaking,reading,2.0816659994661326,5,0.9322033740304513,28.5,Balanced
69,61,67,64,speaking,reading,writing,3.5,8,1.0390624918823244,65.25,Balanced
67,61,57,58,speaking,listening,writing,4.5,10,1.0593220249209998,60.75,Balanced
61,61,70,70,listening,speaking,reading,5.196152422706632,9,0.9999999923664122,65.5,Balanced
36,26,30,26,speaking,reading,writing,4.725815626252608,10,1.1071428373724495,29.5,Balanced
99,96,97,93,speaking,writing,reading,2.5,6,0.9948186476952402,96.25,Balanced
53,51,49,49,speaking,listening,listening,1.9148542155126762,4,1.0199999898,50.5,Balanced
99,97,98,95,speaking,writing,reading,1.707825127659933,4,0.9948717897698882,97.25,Balanced
96,97,98,95,listening,writing,speaking,1.2909944487358056,3,0.9794871744641683,96.5,Balanced
70,70,83,73,listening,speaking,reading,6.164414002968976,13,0.9346405167670555,74.0,Uneven Development
40,44,53,51,listening,speaking,reading,6.0553007081949835,13,0.9381443202253164,47.0,Uneven Development
38,56,40,51,reading,speaking,listening,8.65544144839919,18,0.9270833236762154,46.25,Uneven Development
32,30,35,38,writing,reading,speaking,3.5,8,1.07692306035503,33.75,Balanced
78,77,83,80,listening,reading,speaking,2.6457513110645907,6,0.987499993828125,79.5,Balanced
96,96,100,96,listening,speaking,reading,2.0,4,0.9795918317367763,97.0,Balanced
84,68,82,82,speaking,reading,listening,7.393691004272944,16,1.106666659288889,79.0,Uneven Development
75,74,84,79,listening,reading,speaking,4.546060565661952,10,0.9746835381349144,78.0,Balanced
100,94,97,95,speaking,reading,writing,2.6457513110645907,6,1.0209424030317151,96.5,Balanced
55,61,65,69,writing,speaking,reading,5.972157622389639,14,0.9841269763164526,62.5,Uneven Development
79,83,73,78,reading,listening,writing,4.112987559751022,10,1.0064102499589087,78.25,Balanced
73,84,81,75,reading,speaking,writing,5.123475382979799,11,0.896969691533517,78.25,Balanced
38,42,35,30,reading,writing,listening,5.057996968497839,12,0.8831168716478328,36.25,Uneven Development
65,72,68,60,reading,writing,speaking,5.057996968497839,12,0.8928571364795919,66.25,Uneven Development
69,55,63,55,speaking,reading,writing,6.8068592855540455,14,1.0508474487216317,60.5,Uneven Development
98,100,100,99,reading,speaking,writing,0.9574271077563381,2,0.984999995075,99.25,Balanced
27,39,33,28,reading,speaking,writing,5.5,12,0.7638888782793212,31.75,Uneven Development
68,80,75,82,writing,speaking,listening,6.238322424070967,14,0.9677419292403747,76.25,Uneven Development
65,66,64,68,writing,listening,speaking,1.707825127659933,4,1.0230769152071006,65.75,Balanced
34,33,35,41,writing,reading,speaking,3.593976442141304,8,1.1029411602508654,35.75,Balanced
76,72,79,76,listening,reading,speaking,2.8722813232690143,7,1.006622509889917,75.75,Balanced
30,31,35,34,listening,speaking,reading,2.3804761428476167,5,0.9696969550045916,32.5,Balanced
92,85,92,89,speaking,reading,writing,3.3166247903554,7,1.0225988642791024,89.5,Balanced
37,27,28,37,speaking,reading,listening,5.5,10,1.3454545209917361,32.25,Balanced
63,70,60,58,reading,writing,listening,5.251983752196243,12,0.9307692236094676,62.75,Uneven Development
52,42,56,43,listening,reading,writing,6.849574196011505,14,0.9693877452103291,48.25,Uneven Development
98,94,94,99,writing,reading,listening,2.6299556396765835,5,1.047872334851743,96.25,Balanced
88,90,89,87,reading,writing,speaking,1.2909944487358056,3,0.9776536258231641,88.5,Balanced
71,54,68,64,speaking,reading,writing,7.41057802513857,17,1.106557367979038,64.25,Uneven Development
75,79,81,82,writing,speaking,reading,3.095695936834452,7,0.9812499938671876,79.25,Balanced
73,79,85,71,listening,writing,speaking,6.324555320336759,14,0.8780487751338489,77.0,Uneven Development
65,61,68,60,listening,writing,reading,3.696845502136472,8,0.9689922405504477,63.5,Balanced
93,96,95,94,reading,speaking,writing,1.2909944487358056,3,0.9790575864970807,94.5,Balanced
93,96,93,96,reading,speaking,listening,1.7320508075688772,3,0.9999999947089947,94.5,Balanced
52,42,50,44,speaking,reading,writing,4.760952285695233,10,1.0434782495274104,47.0,Balanced
80,84,77,75,reading,writing,listening,3.9157800414902435,9,0.9627329132749509,79.0,Balanced
83,82,84,84,listening,reading,speaking,0.9574271077563381,2,1.006024090325156,83.25,Balanced
99,93,98,96,speaking,reading,writing,2.6457513110645907,6,1.0209424030317151,96.5,Balanced
46,55,47,46,reading,speaking,writing,4.358898943540674,9,0.9019607754709729,48.5,Balanced
64,60,57,60,speaking,listening,reading,2.8722813232690143,7,1.059829050770692,60.25,Balanced
57,57,62,62,listening,speaking,reading,2.886751345948129,5,0.9999999915966388,59.5,Balanced
86,92,89,86,reading,speaking,writing,2.8722813232690143,6,0.9502762378437777,88.25,Balanced
35,32,30,30,speaking,listening,listening,2.362907813126304,5,1.0483870798647246,31.75,Balanced
53,52,47,49,speaking,listening,writing,2.753785273643051,6,1.030303019895929,50.25,Balanced
83,87,90,85,listening,speaking,writing,2.9860788111948193,7,0.9491525370104377,86.25,Balanced
69,74,76,83,writing,speaking,reading,5.802298395176403,14,1.0133333265777777,75.5,Uneven Development
81,73,79,77,speaking,reading,writing,3.415650255319866,8,1.0394736773718838,77.5,Balanced
54,53,46,52,speaking,listening,writing,3.593976442141304,8,1.070707059891848,51.25,Balanced
48,39,52,42,listening,reading,writing,5.852349955359813,13,0.9890109781427365,45.25,Uneven Development
93,99,93,97,reading,speaking,listening,3.0,6,0.9895833281792535,95.5,Balanced
54,51,49,55,writing,listening,reading,2.753785273643051,6,1.0899999891,52.25,Balanced
33,29,37,33,listening,reading,speaking,3.265986323710904,8,0.9999999848484851,33.0,Balanced
86,87,91,90,listening,speaking,reading,2.3804761428476167,5,0.9887640393889661,88.5,Balanced
60,55,58,50,speaking,writing,reading,4.349329450233296,10,0.9734513188190149,55.75,Balanced
48,48,45,46,speaking,listening,writing,1.5,3,1.0107526773037347,46.75,Balanced
27,26,30,36,writing,reading,speaking,4.5,10,1.1249999799107147,29.75,Balanced
49,48,47,46,speaking,writing,listening,1.2909944487358056,3,0.9999999894736844,47.5,Balanced
82,76,82,83,writing,reading,speaking,3.2015621187164243,7,1.0443037908588368,80.75,Balanced
79,69,80,80,listening,reading,speaking,5.354126134736337,11,1.067114086797892,77.0,Balanced
68,65,65,70,writing,reading,listening,2.449489742783178,5,1.0615384533727812,67.0,Balanced
83,85,74,81,reading,listening,writing,4.7871355387816905,11,1.031446534393418,80.75,Balanced
49,46,43,52,writing,listening,reading,3.872983346207417,9,1.1348314479232422,47.5,Balanced
97,96,94,100,writing,listening,reading,2.5,6,1.0368420998060943,96.75,Balanced
86,86,86,90,writing,speaking,reading,2.0,4,1.0232558080043268,87.0,Balanced
88,89,90,88,listening,speaking,writing,0.9574271077563381,2,0.983240217970725,88.75,Balanced
59,61,68,60,listening,speaking,writing,4.08248290463863,9,0.9224806130040263,62.0,Balanced
36,27,25,25,speaking,listening,listening,5.251983752196243,11,1.173076900517752,28.25,Balanced
46,41,42,52,writing,reading,listening,4.9916597106239795,11,1.1807228773406884,45.25,Balanced
40,35,40,38,speaking,reading,writing,2.362907813126304,5,1.0399999861333336,38.25,Balanced
57,57,58,63,writing,speaking,reading,2.8722813232690143,6,1.0434782517958414,58.75,Balanced
72,74,75,70,listening,writing,speaking,2.217355782608345,5,0.9530201278320797,72.75,Balanced
78,80,84,71,listening,writing,speaking,5.439056290693573,13,0.9085365798259964,78.25,Uneven Development
70,79,79,70,reading,speaking,writing,5.196152422706632,9,0.886075943759013,74.5,Balanced
88,85,89,89,listening,reading,speaking,1.8929694486000912,4,1.0172413734641301,87.75,Balanced
71,73,70,72,reading,listening,speaking,1.2909944487358056,3,0.999999993006993,71.5,Balanced
52,50,49,53,writing,listening,reading,1.8257418583505538,4,1.0606060498928682,51.0,Balanced
51,45,41,51,speaking,listening,reading,4.898979485566356,10,1.1860464978366687,47.0,Balanced
67,66,69,61,listening,writing,reading,3.4034296427770228,8,0.9481481411248286,65.75,Balanced
77,82,87,76,listening,writing,speaking,5.066228051190222,11,0.905325438430027,80.5,Balanced
90,85,92,88,listening,reading,writing,2.9860788111948193,7,1.0056497118324874,88.75,Balanced
30,32,38,24,listening,writing,speaking,5.773502691896258,14,0.7714285604081634,31.0,Uneven Development
60,66,60,63,reading,speaking,listening,2.8722813232690143,6,0.9761904684429328,62.25,Balanced
25,28,39,37,listening,speaking,reading,6.800735254367722,14,0.9253731205168191,32.25,Uneven Development
71,76,80,81,writing,speaking,reading,4.546060565661952,10,0.9743589681130835,77.0,Balanced
33,34,41,37,listening,speaking,reading,3.593976442141304,8,0.9333333208888891,36.25,Balanced
52,48,56,51,listening,reading,writing,3.304037933599835,8,0.9903846058616865,51.75,Balanced
76,84,79,83,reading,speaking,listening,3.696845502136472,8,0.9754601167149686,80.5,Balanced
53,56,54,55,reading,speaking,listening,1.2909944487358056,3,0.9818181728925621,54.5,Balanced
64,63,60,63,speaking,listening,reading,1.7320508075688772,4,1.032520316808778,62.5,Balanced
56,57,55,65,writing,listening,speaking,4.573474244670748,10,1.080357133211097,58.25,Balanced
49,53,49,46,reading,writing,speaking,2.8722813232690143,7,0.9313725398885045,49.25,Balanced
62,53,72,57,listening,reading,writing,8.205689083394114,19,0.9519999923840001,61.0,Uneven Development
40,33,31,29,speaking,writing,listening,4.7871355387816905,11,1.0781249831542972,33.25,Balanced
62,55,62,66,writing,reading,speaking,4.573474244670748,11,1.0940170846665207,61.25,Balanced
41,49,41,52,writing,speaking,listening,5.619905100029122,11,1.0333333218518521,45.75,Balanced
37,41,38,30,reading,writing,speaking,4.654746681256314,11,0.8481012550873259,36.5,Balanced
63,66,65,72,writing,speaking,listening,3.872983346207417,9,1.0305343432783638,66.5,Balanced
33,31,39,35,listening,reading,speaking,3.415650255319866,8,0.9714285575510206,34.5,Balanced
100,99,95,95,speaking,listening,listening,2.6299556396765835,5,1.0051546339940483,97.25,Balanced
89,91,94,90,listening,speaking,writing,2.160246899469287,5,0.9675675623374727,91.0,Balanced
72,72,78,78,listening,speaking,reading,3.4641016151377544,6,0.9999999933333334,75.0,Balanced
51,50,48,46,speaking,writing,listening,2.217355782608345,5,0.9897959082673887,48.75,Balanced
75,82,74,77,reading,listening,speaking,3.559026084010437,8,0.9743589681130835,77.0,Balanced
42,43,47,43,listening,speaking,reading,2.217355782608345,5,0.9444444339506174,43.75,Balanced
92,85,91,85,speaking,reading,writing,3.774917217635375,7,1.005681812467717,88.25,Balanced
86,88,85,87,reading,listening,speaking,1.2909944487358056,3,0.9999999942196532,86.5,Balanced
91,95,92,93,reading,speaking,listening,1.707825127659933,4,0.9839572139895336,92.75,Balanced
65,70,67,68,reading,speaking,listening,2.0816659994661326,5,0.9708029126218766,67.5,Balanced
77,70,81,72,listening,reading,writing,4.96655480858378,11,0.9867549603526162,75.0,Balanced
75,75,70,83,writing,listening,speaking,5.377421934967226,13,1.0896551648989299,75.75,Uneven Development
78,76,73,75,speaking,listening,writing,2.0816659994661326,5,1.0268456306923113,75.5,Balanced
49,48,42,54,writing,listening,reading,4.924428900898052,12,1.1444444317283953,48.25,Uneven Development
46,40,55,45,listening,reading,writing,6.244997998398398,15,0.9578947267590029,46.5,Uneven Development
98,99,100,96,listening,writing,speaking,1.707825127659933,4,0.9748743669604303,98.25,Balanced
38,35,32,30,speaking,writing,listening,3.5,8,1.0149253579861888,33.75,Balanced
70,67,62,69,speaking,listening,reading,3.559026084010437,8,1.0775193714920979,67.0,Balanced
70,67,68,61,speaking,writing,reading,3.872983346207417,9,0.9703703631824417,66.5,Balanced
24,26,34,29,listening,speaking,reading,4.349329450233296,10,0.8833333186111114,28.25,Balanced
49,51,42,48,reading,listening,writing,3.872983346207417,9,1.0430107414730028,47.5,Balanced
29,38,38,35,reading,speaking,writing,4.242640687119285,9,0.8421052520775625,35.0,Balanced
68,79,77,78,reading,speaking,listening,5.066228051190222,11,0.9358974298980934,75.5,Balanced
47,43,48,46,listening,reading,writing,2.160246899469287,5,1.0219780107474945,46.0,Balanced
45,56,55,49,reading,speaking,writing,5.188127472091127,11,0.8468468392175961,51.25,Balanced
72,72,82,68,listening,writing,speaking,5.972157622389639,14,0.9090909031877215,73.5,Uneven Development
23,26,30,30,listening,speaking,reading,3.4034296427770228,7,0.9464285545280615,27.25,Balanced
73,79,72,74,reading,listening,speaking,3.1091263510296048,7,0.9735099273277489,74.5,Balanced
88,92,89,91,reading,speaking,listening,1.8257418583505538,4,0.9889502707792803,90.0,Balanced
32,30,37,31,listening,reading,writing,3.1091263510296048,7,0.9402984934283807,32.5,Balanced
52,44,53,50,listening,reading,writing,4.031128874149275,9,1.051546380911893,49.75,Balanced
78,82,71,80,reading,listening,speaking,4.7871355387816905,11,1.0326797318125507,77.75,Balanced
76,77,69,81,writing,listening,speaking,4.9916597106239795,12,1.0753424583880653,75.75,Uneven Development
63,60,58,72,writing,listening,reading,6.18465843842649,14,1.1440677869146798,63.25,Uneven Development
55,67,60,61,reading,speaking,listening,4.924428900898052,12,0.9133858195796393,60.75,Uneven Development
30,25,29,33,writing,reading,listening,3.304037933599835,8,1.166666645061729,29.25,Balanced
86,90,85,90,reading,listening,speaking,2.6299556396765835,5,1.005714279967347,87.75,Balanced
78,79,71,79,reading,listening,speaking,3.8622100754188224,8,1.046666659688889,76.75,Balanced
63,64,58,65,writing,listening,speaking,3.1091263510296048,7,1.049180319269014,62.5,Balanced
71,83,75,72,reading,speaking,writing,5.439056290693573,12,0.9050632854109919,75.25,Uneven Development
46,55,47,48,reading,speaking,listening,4.08248290463863,9,0.9215686184159939,49.0,Balanced
68,70,72,69,listening,speaking,writing,1.707825127659933,4,0.9647887256000794,69.75,Balanced
44,45,52,46,listening,speaking,reading,3.593976442141304,8,0.927835041981082,46.75,Balanced
55,40,51,51,speaking,reading,listening,6.4485140407177015,15,1.1648351520347786,49.25,Uneven Development
28,25,25,33,writing,reading,listening,3.774917217635375,8,1.2199999756000006,27.75,Balanced
29,30,29,38,writing,speaking,listening,4.358898943540674,9,1.1355932010916407,31.5,Balanced
40,47,54,42,listening,speaking,writing,6.238322424070967,14,0.8118811800803843,45.75,Uneven Development
42,51,49,55,writing,speaking,listening,5.439056290693573,13,0.9699999903000002,49.25,Uneven Development
40,31,31,26,speaking,writing,reading,5.830951894845301,14,1.0645161118626434,32.0,Uneven Development
95,92,100,99,listening,reading,speaking,3.696845502136472,8,1.01041666140408,96.5,Balanced
66,65,67,60,listening,writing,reading,3.1091263510296048,7,0.9545454473140497,64.5,Balanced
46,42,44,45,speaking,reading,listening,1.707825127659933,4,1.058139522579773,44.25,Balanced
74,72,73,75,writing,reading,listening,1.2909944487358056,3,1.0275861998097504,73.5,Balanced
30,26,39,29,listening,reading,writing,5.597618541248888,13,0.9076922937278109,31.0,Uneven Development
69,71,70,68,reading,writing,speaking,1.2909944487358056,3,0.9716311987827575,69.5,Balanced
43,50,53,49,listening,speaking,writing,4.193248541803041,10,0.8932038748232634,48.75,Balanced
72,73,73,74,writing,speaking,reading,0.816496580927726,2,0.999999993150685,73.0,Balanced
100,100,98,98,speaking,listening,listening,1.1547005383792515,2,0.999999994949495,99.0,Balanced
74,80,72,75,reading,listening,speaking,3.4034296427770228,8,0.9802631514456371,75.25,Balanced
59,63,69,64,listening,speaking,reading,4.112987559751022,10,0.9318181747589532,63.75,Balanced
68,68,64,54,speaking,writing,listening,6.60807586719967,14,0.9242424172405878,63.5,Uneven Development
56,63,64,60,listening,speaking,writing,3.593976442141304,8,0.9133858195796393,60.75,Balanced
31,33,30,32,reading,listening,speaking,1.2909944487358056,3,0.9999999841269844,31.5,Balanced
92,95,96,94,listening,speaking,writing,1.707825127659933,4,0.9738219844302514,94.25,Balanced
91,89,88,87,speaking,writing,listening,1.707825127659933,4,1.0056497118324874,88.75,Balanced
70,81,79,84,writing,speaking,listening,6.027713773341708,14,0.962499993984375,78.5,Uneven Development
62,50,52,49,speaking,writing,reading,5.9651767227244274,13,1.0882352834486737,53.25,Uneven Development
83,86,88,84,listening,speaking,writing,2.217355782608345,5,0.9597701094266086,85.25,Balanced
82,84,84,73,reading,writing,speaking,5.251983752196243,11,0.9226190421272676,80.75,Balanced
90,87,92,92,listening,reading,speaking,2.362907813126304,5,1.0167597708560907,90.25,Balanced
57,40,43,54,speaking,reading,listening,8.266397845091497,17,1.3373493814777184,48.5,Uneven Development
23,35,28,29,reading,speaking,listening,4.924428900898052,12,0.8253968122952887,28.75,Uneven Development
80,71,73,76,speaking,reading,listening,3.9157800414902435,9,1.0833333258101852,75.0,Balanced
43,43,52,48,listening,speaking,reading,4.358898943540674,9,0.9578947267590029,46.5,Balanced
67,70,58,68,reading,listening,speaking,5.315072906367325,12,1.054687491760254,65.75,Uneven Development
45,42,39,39,speaking,listening,listening,2.8722813232690143,6,1.037037024234111,41.25,Balanced
67,66,68,63,listening,writing,reading,2.160246899469287,5,0.9701492464914235,66.0,Balanced
86,75,77,81,speaking,reading,listening,4.856267428111155,11,1.0986842032981303,79.75,Balanced
24,31,24,28,reading,speaking,listening,3.4034296427770228,7,0.9454545282644632,26.75,Balanced
76,78,82,75,listening,writing,speaking,3.095695936834452,7,0.9437499941015626,77.75,Balanced
24,27,33,28,listening,speaking,reading,3.7416573867739413,9,0.8666666522222225,28.0,Balanced
90,90,94,90,listening,speaking,reading,2.0,4,0.9782608642485823,91.0,Balanced
33,31,33,27,speaking,writing,reading,2.8284271247461903,6,0.9374999853515628,31.0,Balanced
81,71,71,70,speaking,writing,reading,5.188127472091127,11,1.0633802742015475,73.25,Balanced
58,59,65,57,listening,writing,speaking,3.593976442141304,8,0.9274193473595214,59.75,Balanced
77,74,75,68,speaking,writing,reading,3.872983346207417,9,0.9731543558848701,73.5,Balanced
64,59,57,53,speaking,writing,listening,4.573474244670748,11,1.0086206809601665,58.25,Balanced
37,27,23,29,speaking,listening,reading,5.887840577551898,14,1.3199999736000005,29.0,Uneven Development
33,33,34,38,writing,speaking,reading,2.3804761428476167,5,1.0597014767208734,34.5,Balanced
72,59,61,58,speaking,writing,reading,6.454972243679028,14,1.0833333243055556,62.5,Uneven Development
72,69,80,72,listening,reading,speaking,4.716990566028302,11,0.9664429465339399,73.25,Balanced
90,86,88,91,writing,reading,listening,2.217355782608345,5,1.0402298790791387,88.75,Balanced
45,43,50,51,writing,reading,speaking,3.8622100754188224,8,1.0322580534165802,47.25,Balanced
86,87,87,89,writing,speaking,reading,1.2583057392117916,3,1.0057471206566257,87.25,Balanced
51,49,50,53,writing,reading,listening,1.707825127659933,4,1.0505050398938884,50.75,Balanced
43,52,45,48,reading,speaking,listening,3.9157800414902435,9,0.9381443202253164,47.0,Balanced
81,77,73,85,writing,listening,reading,5.163977794943222,12,1.106666659288889,79.0,Uneven Development
66,55,60,66,speaking,reading,listening,5.315072906367325,11,1.1478260769754254,61.75,Balanced
39,36,25,33,speaking,listening,writing,6.020797289396148,14,1.1803278495028222,33.25,Uneven Development
76,72,86,86,listening,reading,speaking,7.118052168020874,14,1.0253164492068578,80.0,Uneven Development
33,32,28,35,writing,listening,reading,2.943920288775949,7,1.1333333144444449,32.0,Balanced
98,94,99,94,listening,reading,writing,2.6299556396765835,5,0.9948186476952402,96.25,Balanced
26,40,33,39,reading,speaking,listening,6.454972243679028,14,0.8904109467066994,34.5,Uneven Development
78,76,78,77,speaking,reading,writing,0.9574271077563381,2,1.0064934999578343,77.25,Balanced
100,94,96,93,speaking,writing,reading,3.095695936834452,7,1.0157894683379503,95.75,Balanced
46,46,48,49,writing,speaking,reading,1.5,3,1.0106382871208692,47.25,Balanced
76,82,72,79,reading,listening,speaking,4.272001872658765,10,1.0064934999578343,77.25,Balanced
70,81,83,81,listening,speaking,reading,5.909032633745278,13,0.9207317017028555,78.75,Uneven Development
71,80,82,74,listening,speaking,writing,5.123475382979799,11,0.8950617228699894,76.75,Balanced
30,25,39,33,listening,reading,speaking,5.852349955359813,14,0.9843749846191409,31.75,Uneven Development
94,96,95,93,reading,writing,speaking,1.2909944487358056,3,0.9790575864970807,94.5,Balanced
63,56,68,59,listening,reading,writing,5.196152422706632,12,0.9838709598074923,61.5,Uneven Development
79,81,82,80,listening,speaking,writing,1.2909944487358056,3,0.9754601167149686,80.5,Balanced
34,38,33,29,reading,writing,listening,3.696845502136472,9,0.8873239311644517,33.5,Balanced
51,50,43,54,writing,listening,reading,4.654746681256314,11,1.1290322459243844,49.5,Balanced
51,45,40,41,speaking,listening,writing,4.9916597106239795,11,1.0823529284429068,44.25,Balanced
49,47,51,46,listening,writing,reading,2.217355782608345,5,0.9693877452103291,48.25,Balanced
98,96,95,94,speaking,writing,listening,1.707825127659933,4,1.0052355968312272,95.75,Balanced
90,88,91,89,listening,reading,writing,1.2909944487358056,3,0.9999999944134078,89.5,Balanced
42,33,30,39,speaking,listening,reading,5.477225575051661,12,1.2857142653061229,36.0,Uneven Development
46,48,38,46,reading,listening,speaking,4.43471156521669,10,1.069767429421309,44.5,Balanced
97,98,98,95,reading,writing,speaking,1.4142135623730951,3,0.9795918317367763,97.0,Balanced
30,26,39,32,listening,reading,speaking,5.439056290693573,13,0.9538461391715979,31.75,Uneven Development
73,77,74,71,reading,writing,speaking,2.5,6,0.9536423777904478,73.75,Balanced
34,24,36,42,writing,reading,speaking,7.483314773547883,18,1.266666645555556,34.0,Uneven Development
84,70,83,83,speaking,reading,listening,6.683312551921141,14,1.091503260839848,80.0,Uneven Development
43,49,43,52,writing,speaking,listening,4.5,9,1.0326086844281666,46.75,Balanced
30,26,33,35,writing,reading,speaking,3.9157800414902435,9,1.1016948965814424,31.0,Balanced
95,91,100,98,listening,reading,speaking,3.9157800414902435,9,1.0104711988980566,96.0,Balanced
82,83,80,73,reading,writing,listening,4.509249752822894,10,0.9509202395649066,79.5,Balanced
52,43,55,47,listening,reading,writing,5.315072906367325,12,1.0102040713244482,49.25,Uneven Development
67,68,66,59,reading,writing,listening,4.08248290463863,9,0.9402985004455336,65.0,Balanced
69,71,74,80,writing,speaking,reading,4.795831523312719,11,1.0275861998097504,73.5,Balanced
84,86,83,86,reading,listening,speaking,1.5,3,1.005917153811141,84.75,Balanced
85,88,87,86,reading,speaking,writing,1.2909944487358056,3,0.9771428515591837,86.5,Balanced
35,27,37,26,listening,writing,reading,5.560275772537426,11,0.9531249851074222,31.25,Balanced
40,45,48,48,listening,speaking,reading,3.774917217635375,8,0.9462365489651984,45.25,Balanced
42,50,47,42,reading,speaking,writing,3.947573094109004,8,0.8659793725156766,45.25,Balanced
37,28,33,28,speaking,reading,writing,4.358898943540674,9,1.065573753023381,31.5,Balanced
41,40,42,39,listening,writing,reading,1.2909944487358056,3,0.9756097441998812,40.5,Balanced
96,98,99,93,listening,writing,speaking,2.6457513110645907,6,0.9593908580741581,96.5,Balanced
66,59,63,58,speaking,writing,reading,3.696845502136472,8,1.016393434291857,61.5,Balanced
66,66,61,64,speaking,listening,writing,2.362907813126304,5,1.0236220391840785,64.25,Balanced
52,53,51,46,reading,writing,listening,3.1091263510296048,7,0.9423076832470415,50.5,Balanced
75,72,72,84,writing,reading,listening,5.678908345800274,12,1.1041666589988426,75.75,Uneven Development
46,46,41,55,writing,listening,speaking,5.830951894845301,14,1.1609195268859824,47.0,Uneven Development
37,24,27,35,speaking,reading,listening,6.238322424070967,13,1.4117646782006927,30.75,Uneven Development
77,80,78,71,reading,writing,speaking,3.872983346207417,9,0.9367088548309567,76.5,Balanced
97,100,96,95,reading,writing,listening,2.160246899469287,5,0.9795918317367763,97.0,Balanced
26,40,37,39,reading,speaking,listening,6.454972243679028,14,0.8441558331927814,35.5,Uneven Development
55,48,45,52,speaking,listening,reading,4.396968652757639,10,1.1505376220372299,50.0,Balanced
64,64,57,64,speaking,listening,speaking,3.5,7,1.0578512309268493,62.25,Balanced
51,51,55,44,listening,writing,speaking,4.573474244670748,11,0.8962264066393736,50.25,Balanced
39,35,37,33,speaking,writing,reading,2.581988897471611,6,0.9999999861111113,36.0,Balanced
64,58,63,59,speaking,reading,writing,2.943920288775949,6,1.0165289172187693,61.0,Balanced
62,61,67,65,listening,reading,speaking,2.753785273643051,6,0.9921874922485352,63.75,Balanced
32,40,27,25,reading,writing,listening,6.683312551921141,15,0.8507462559590111,31.0,Uneven Development
26,34,31,39,writing,speaking,listening,5.446711546122731,13,0.9999999846153849,32.5,Uneven Development
29,29,30,40,writing,speaking,reading,5.354126134736337,11,1.169491505601839,32.0,Balanced
26,42,38,23,reading,writing,speaking,9.17877987534291,19,0.6124999923437501,32.25,Uneven Development
75,72,76,77,writing,reading,speaking,2.160246899469287,5,1.0270270200876552,75.0,Balanced
58,54,56,52,speaking,writing,reading,2.581988897471611,6,0.999999990909091,55.0,Balanced
54,55,46,49,reading,listening,writing,4.242640687119285,9,1.0198019701009706,51.0,Balanced
73,69,73,72,speaking,reading,writing,1.8929694486000912,4,1.021126753372347,71.75,Balanced
75,85,78,77,reading,speaking,writing,4.349329450233296,10,0.9325153317023599,78.75,Balanced
68,63,70,62,listening,writing,reading,3.8622100754188224,8,0.9774436016733564,65.75,Balanced
27,32,33,25,listening,writing,speaking,3.8622100754188224,8,0.799999987692308,29.25,Balanced
50,52,46,49,reading,listening,writing,2.5,6,1.0102040713244482,49.25,Balanced
88,92,91,89,reading,speaking,writing,1.8257418583505538,4,0.9672131094687808,90.0,Balanced
88,90,86,88,reading,listening,speaking,1.632993161855452,4,0.9999999943181819,88.0,Balanced
37,34,27,27,speaking,listening,listening,5.057996968497839,10,1.0491803106691753,31.25,Balanced
86,80,68,87,writing,listening,reading,8.73212459828649,19,1.1689189110208182,80.25,Uneven Development
28,32,39,30,listening,speaking,writing,4.7871355387816905,11,0.8169013969450508,32.25,Balanced
46,54,54,43,reading,writing,speaking,5.619905100029122,11,0.8240740664437587,49.25,Balanced
62,57,65,59,listening,reading,writing,3.5,8,0.9918032705589896,60.75,Balanced
84,85,74,74,reading,listening,listening,6.075908711186061,11,0.9937106855741467,79.25,Balanced
78,71,84,80,listening,reading,speaking,5.439056290693573,13,1.0193548321331947,78.25,Uneven Development
60,66,60,57,reading,writing,speaking,3.774917217635375,9,0.9285714212018141,60.75,Balanced
59,67,60,68,writing,speaking,listening,4.654746681256314,9,0.9999999921259843,63.5,Balanced
45,47,38,54,writing,listening,speaking,6.582805886043833,16,1.1647058686505192,46.0,Uneven Development
40,42,45,43,listening,speaking,reading,2.0816659994661326,5,0.9540229775399658,42.5,Balanced
85,76,71,70,speaking,writing,listening,6.855654600401044,15,1.054421761534546,75.5,Uneven Development
39,39,37,25,speaking,writing,listening,6.733003292241386,14,0.8421052520775625,35.0,Uneven Development
42,52,43,54,writing,speaking,listening,6.13052471924984,12,1.0105263051523548,47.75,Uneven Development
78,82,81,74,reading,writing,speaking,3.593976442141304,8,0.9325153317023599,78.75,Balanced
49,42,41,46,speaking,listening,reading,3.696845502136472,8,1.1445782994629121,44.5,Balanced
36,34,40,40,listening,reading,speaking,3.0,6,1.0270270131482837,37.5,Balanced
42,44,45,48,writing,speaking,reading,2.5,6,1.0112359436939782,44.75,Balanced
35,38,30,34,reading,listening,writing,3.304037933599835,8,1.014705867430796,34.25,Balanced
23,33,28,30,reading,speaking,listening,4.203173404306164,10,0.8688524447729108,28.5,Balanced
100,93,98,97,speaking,reading,writing,2.943920288775949,7,1.031413607165374,97.0,Balanced
31,27,38,39,writing,reading,speaking,5.737304826019502,12,1.07692306035503,33.75,Uneven Development
68,64,66,69,writing,reading,listening,2.217355782608345,5,1.053846145739645,66.75,Balanced
46,55,50,48,reading,speaking,writing,3.8622100754188224,9,0.8952380867120182,49.75,Balanced
65,58,53,64,speaking,listening,reading,5.597618541248888,12,1.162162151692233,60.0,Uneven Development
75,75,81,76,listening,speaking,reading,2.8722813232690143,6,0.9679487117439185,76.75,Balanced
40,31,24,35,speaking,listening,reading,6.757711644237764,16,1.3636363388429757,32.5,Uneven Development
65,55,65,66,writing,reading,speaking,5.188127472091127,11,1.0916666575694445,62.75,Balanced
40,31,26,33,speaking,listening,reading,5.802298395176403,14,1.2807017319175136,32.5,Uneven Development
95,97,96,98,writing,speaking,listening,1.2909944487358056,3,0.9999999948186529,96.5,Balanced
30,35,33,32,reading,speaking,writing,2.0816659994661326,5,0.9117646924740487,32.5,Balanced
55,48,46,52,speaking,listening,reading,4.031128874149275,9,1.1382978602308738,50.25,Balanced
78,85,76,78,reading,listening,speaking,3.947573094109004,9,0.9689440933605957,79.25,Balanced
54,42,52,51,speaking,reading,writing,5.315072906367325,12,1.1170212647125397,49.75,Uneven Development
78,78,77,79,writing,listening,speaking,0.816496580927726,2,1.012903219271592,78.0,Balanced
54,47,42,51,speaking,listening,reading,5.196152422706632,12,1.1797752676429745,48.5,Uneven Development
77,80,76,79,reading,listening,speaking,1.8257418583505538,4,0.9999999935897437,78.0,Balanced
39,46,42,49,writing,speaking,listening,4.396968652757639,10,0.9999999886363637,44.0,Balanced
32,28,36,41,writing,reading,speaking,5.560275772537426,13,1.1406249821777348,34.25,Uneven Development
55,66,56,64,reading,speaking,listening,5.560275772537426,11,0.9754098280704112,60.25,Balanced
76,77,82,81,listening,speaking,reading,2.943920288775949,6,0.9874213774376014,79.0,Balanced
45,43,54,49,listening,reading,speaking,4.856267428111155,11,0.969072154958019,47.75,Balanced
100,98,94,96,speaking,listening,writing,2.581988897471611,6,1.0208333280164932,97.0,Balanced
65,72,64,65,reading,listening,speaking,3.696845502136472,8,0.9558823459126299,66.5,Balanced
34,30,31,25,speaking,writing,reading,3.7416573867739413,9,0.967213098898146,30.0,Balanced
69,61,69,59,speaking,writing,reading,5.259911279353167,10,0.9846153770414202,64.5,Balanced
76,74,78,75,listening,reading,writing,1.707825127659933,4,0.9934210460959142,75.75,Balanced
28,37,32,27,reading,writing,speaking,4.546060565661952,10,0.7971014377231675,31.0,Balanced
92,91,90,85,speaking,writing,listening,3.1091263510296048,7,0.9779005470834224,89.5,Balanced
40,52,52,50,reading,speaking,writing,5.744562646538029,12,0.8653846070636095,48.5,Uneven Development
93,99,93,96,reading,speaking,listening,2.8722813232690143,6,0.9843749948730469,95.25,Balanced
71,71,83,84,writing,speaking,reading,7.22841614740048,13,1.0064934999578343,77.25,Uneven Development
80,82,79,78,reading,writing,listening,1.707825127659933,4,0.9813664535318855,79.75,Balanced
35,30,40,30,listening,reading,writing,4.7871355387816905,10,0.9285714153061226,33.75,Balanced
71,75,81,70,listening,writing,speaking,4.9916597106239795,11,0.9038461480522683,74.25,Balanced
61,59,56,69,writing,listening,reading,5.560275772537426,13,1.130434772778828,61.25,Uneven Development
28,40,39,30,reading,speaking,writing,6.13052471924984,12,0.734177205896491,34.25,Uneven Development
30,31,36,25,listening,writing,speaking,4.509249752822894,11,0.8208955101358879,30.5,Balanced
75,69,82,75,listening,reading,speaking,5.315072906367325,13,0.9933774768650498,75.25,Uneven Development
53,47,52,48,speaking,reading,writing,2.943920288775949,6,1.0202020098969493,50.0,Balanced
86,88,86,88,reading,speaking,listening,1.1547005383792515,2,0.9999999942528736,87.0,Balanced
69,64,53,68,speaking,listening,reading,7.32575365861197,16,1.1709401609321355,63.5,Uneven Development
67,70,58,56,reading,writing,listening,6.800735254367722,14,0.9609374924926759,62.75,Uneven Development
34,26,29,34,speaking,reading,listening,3.947573094109004,8,1.236363613884298,30.75,Balanced
62,64,58,65,writing,listening,speaking,3.095695936834452,7,1.0409835980247246,62.25,Balanced
82,69,71,82,speaking,reading,listening,6.97614984548545,13,1.1714285630612247,76.0,Uneven Development
46,52,47,44,reading,writing,speaking,3.4034296427770228,8,0.9090908999081727,47.25,Balanced
50,50,45,40,speaking,writing,listening,4.7871355387816905,10,0.9473684110803325,46.25,Balanced
85,86,86,88,writing,speaking,reading,1.2583057392117916,3,1.0058139476406165,86.25,Balanced
60,68,53,60,reading,listening,speaking,6.13052471924984,15,0.9917355289939213,60.25,Uneven Development
69,67,62,70,writing,listening,reading,3.559026084010437,8,1.0775193714920979,67.0,Balanced
84,83,86,89,writing,reading,speaking,2.6457513110645907,6,1.0236686329960436,85.5,Balanced
44,52,47,46,reading,speaking,writing,3.4034296427770228,8,0.9090908999081727,47.25,Balanced
97,97,93,100,writing,listening,speaking,2.8722813232690143,7,1.0368420998060943,96.75,Balanced
89,90,86,87,reading,listening,writing,1.8257418583505538,4,0.9999999943181819,88.0,Balanced
75,70,74,75,speaking,reading,listening,2.3804761428476167,5,1.0416666594328705,73.5,Balanced
81,79,83,72,listening,writing,reading,4.7871355387816905,11,0.9444444386145405,78.75,Balanced
76,76,84,78,listening,speaking,reading,3.7859388972001824,8,0.962499993984375,78.5,Balanced
61,65,60,58,reading,writing,listening,2.943920288775949,7,0.9519999923840001,61.0,Balanced
35,35,28,30,speaking,listening,writing,3.559026084010437,7,1.031746015369111,32.0,Balanced
36,33,42,31,listening,writing,reading,4.795831523312719,11,0.8933333214222224,35.5,Balanced
48,47,51,52,writing,reading,speaking,2.3804761428476167,5,1.020408152852978,49.5,Balanced
28,32,28,38,writing,speaking,listening,4.725815626252608,10,1.099999981666667,31.5,Balanced
55,49,49,55,speaking,reading,listening,3.4641016151377544,6,1.1224489681382759,52.0,Balanced
90,93,94,91,listening,speaking,writing,1.8257418583505538,4,0.9679144333266608,92.0,Balanced
88,89,85,87,reading,listening,writing,1.707825127659933,4,1.0057471206566257,87.25,Balanced
56,63,62,69,writing,speaking,listening,5.32290647422377,13,0.9999999920000001,62.5,Uneven Development
51,47,43,43,speaking,listening,listening,3.8297084310253524,8,1.0444444328395064,46.0,Balanced
91,85,90,87,speaking,reading,writing,2.753785273643051,6,1.0171428513306122,88.25,Balanced
29,24,38,27,listening,reading,writing,6.027713773341708,14,0.903225791883455,29.5,Uneven Development
69,53,56,68,speaking,reading,listening,8.18535277187245,16,1.2568807224139384,61.5,Uneven Development
66,59,64,59,speaking,reading,writing,3.559026084010437,7,1.0162601543393484,62.0,Balanced
48,46,44,42,speaking,writing,listening,2.581988897471611,6,0.9999999888888891,45.0,Balanced
67,60,57,61,speaking,listening,reading,4.193248541803041,10,1.0940170846665207,61.25,Balanced
57,60,58,59,reading,speaking,listening,1.2909944487358056,3,0.9830508391266878,58.5,Balanced
61,68,67,67,reading,speaking,listening,3.2015621187164243,7,0.9481481411248286,65.75,Balanced
42,52,48,50,reading,speaking,listening,4.320493798938574,10,0.9199999908000002,48.0,Balanced
70,67,55,64,speaking,listening,writing,6.48074069840786,15,1.0983606467347489,64.0,Uneven Development
96,94,98,97,listening,reading,speaking,1.707825127659933,4,1.0052083280978732,96.25,Balanced
46,44,41,46,speaking,listening,reading,2.362907813126304,5,1.0823529284429068,44.25,Balanced
41,27,34,34,speaking,reading,listening,5.715476066494082,14,1.2295081765654399,34.0,Uneven Development
84,86,89,88,listening,speaking,reading,2.217355782608345,5,0.9828571372408164,86.75,Balanced
50,52,51,53,writing,speaking,listening,1.2909944487358056,3,0.9999999902912623,51.5,Balanced
86,83,80,74,speaking,writing,listening,5.123475382979799,12,0.9815950860024841,80.75,Uneven Development
81,82,71,79,reading,listening,writing,4.9916597106239795,11,1.0457516271519502,78.25,Balanced
82,79,82,83,writing,reading,speaking,1.7320508075688772,4,1.0248447141313992,81.5,Balanced
99,94,97,100,writing,reading,listening,2.6457513110645907,6,1.0418848112990324,97.5,Balanced
41,41,54,43,listening,speaking,reading,6.238322424070967,13,0.8842105170083103,44.75,Uneven Development
95,95,93,96,writing,listening,speaking,1.2583057392117916,3,1.0159574414044816,94.75,Balanced
51,51,50,52,writing,listening,speaking,0.816496580927726,2,1.0198019701009706,51.0,Balanced
32,31,36,42,writing,reading,speaking,4.9916597106239795,11,1.1044775954555583,35.25,Balanced
56,65,62,57,reading,speaking,writing,4.242640687119285,9,0.8897637725215451,60.0,Balanced
30,28,32,24,listening,writing,reading,3.415650255319866,8,0.8999999850000003,28.5,Balanced
34,36,39,31,listening,writing,speaking,3.366501646120693,8,0.8666666551111113,35.0,Balanced
49,53,46,52,reading,listening,speaking,3.1622776601683795,7,1.0202020098969493,50.0,Balanced
78,72,78,83,writing,reading,speaking,4.5,11,1.0733333261777778,77.75,Balanced
55,61,67,61,listening,speaking,reading,4.898979485566356,12,0.9062499929199219,61.0,Uneven Development
66,68,62,59,reading,writing,listening,4.031128874149275,9,0.9615384541420119,63.75,Balanced
30,39,26,42,writing,listening,speaking,7.5,16,1.107692290650888,34.25,Uneven Development
68,70,60,68,reading,listening,speaking,4.43471156521669,10,1.046153838106509,66.5,Balanced
45,55,53,40,reading,writing,speaking,6.994045086119096,15,0.7870370297496572,48.25,Uneven Development
97,97,94,98,writing,listening,speaking,1.7320508075688772,4,1.0209424030317151,96.5,Balanced
61,67,68,63,listening,speaking,writing,3.304037933599835,7,0.9185185117146777,64.75,Balanced
40,52,44,50,reading,speaking,listening,5.507570547286102,12,0.9374999902343751,46.5,Uneven Development
86,91,85,85,reading,listening,listening,2.8722813232690143,6,0.9715909035705063,86.75,Balanced
58,56,58,69,writing,reading,speaking,5.909032633745278,13,1.1140350779470607,60.25,Uneven Development
44,52,41,50,reading,listening,speaking,5.123475382979799,11,1.0107526773037347,46.75,Balanced
60,69,54,63,reading,listening,speaking,6.244997998398398,15,0.9999999918699188,61.5,Uneven Development
95,96,94,93,reading,writing,listening,1.2909944487358056,3,0.9894736790027702,94.5,Balanced
31,24,34,29,listening,reading,writing,4.203173404306164,10,1.0344827407847803,29.5,Balanced
55,63,55,59,reading,speaking,listening,3.8297084310253524,8,0.9661016867279518,58.0,Balanced
29,34,34,33,reading,speaking,writing,2.3804761428476167,5,0.9117646924740487,32.5,Balanced
38,35,38,38,speaking,reading,speaking,1.5,3,1.0410958761493716,37.25,Balanced
85,75,74,83,speaking,listening,reading,5.560275772537426,11,1.1275167709562632,79.25,Balanced
57,62,66,62,listening,speaking,reading,3.685557397915997,9,0.9296874927368165,61.75,Balanced
49,49,45,44,speaking,writing,listening,2.6299556396765835,5,0.9893616916025352,46.75,Balanced
29,40,30,29,reading,speaking,writing,5.354126134736337,11,0.828571416734694,32.0,Balanced
56,64,62,68,writing,speaking,listening,5.0,12,0.9841269763164526,62.5,Uneven Development
74,74,71,81,writing,listening,speaking,4.242640687119285,10,1.0689655098692035,75.0,Balanced
72,71,80,78,listening,reading,speaking,4.425306015783918,9,0.9933774768650498,75.25,Balanced
35,27,33,41,writing,reading,listening,5.773502691896258,14,1.266666645555556,34.0,Uneven Development
28,33,28,42,writing,speaking,listening,6.601767440112787,14,1.1475409647944104,32.75,Uneven Development
26,36,31,30,reading,speaking,writing,4.112987559751022,10,0.8358208830474495,30.75,Balanced
31,37,39,27,listening,writing,speaking,5.507570547286102,12,0.763157884695291,33.5,Uneven Development
71,66,65,56,speaking,writing,listening,6.244997998398398,15,0.9694656414544608,64.5,Uneven Development
28,32,36,26,listening,writing,speaking,4.43471156521669,10,0.7941176353806231,30.5,Balanced
94,92,99,94,listening,reading,speaking,2.9860788111948193,7,0.98429318856391,94.75,Balanced
37,32,34,36,speaking,reading,listening,2.217355782608345,5,1.1060605893021123,34.75,Balanced
88,89,83,89,reading,listening,speaking,2.8722813232690143,6,1.0290697614588968,87.25,Balanced
30,32,30,41,writing,speaking,listening,5.251983752196243,11,1.1451612718522377,33.25,Balanced
39,41,44,38,listening,writing,speaking,2.6457513110645907,6,0.9058823422837372,40.5,Balanced
83,75,70,72,speaking,listening,writing,5.715476066494082,13,1.0689655098692035,75.0,Uneven Development
81,84,77,76,reading,writing,listening,3.696845502136472,8,0.9751552734462405,79.5,Balanced
48,53,51,47,reading,writing,speaking,2.753785273643051,6,0.9134615296782546,49.75,Balanced
49,51,39,50,reading,listening,speaking,5.560275772537426,12,1.099999987777778,47.25,Uneven Development
60,65,68,70,writing,speaking,reading,4.349329450233296,10,0.9774436016733564,65.75,Balanced
80,76,83,82,listening,reading,speaking,3.095695936834452,7,1.0188679181203275,80.25,Balanced
38,28,32,30,speaking,reading,writing,4.320493798938574,10,1.1333333144444449,32.0,Balanced
85,88,90,92,writing,speaking,reading,2.9860788111948193,7,0.9943820168854943,88.75,Balanced
87,89,86,90,writing,listening,speaking,1.8257418583505538,4,1.0114285656489796,88.0,Balanced
63,62,60,59,speaking,writing,listening,1.8257418583505538,4,0.9999999918032788,61.0,Balanced
55,66,69,62,listening,speaking,writing,6.0553007081949835,14,0.8666666602469136,63.0,Uneven Development
27,30,24,38,writing,listening,speaking,6.020797289396148,14,1.2037036814128947,29.75,Uneven Development
50,56,43,52,reading,listening,speaking,5.439056290693573,13,1.030303019895929,50.25,Uneven Development
53,51,48,40,speaking,writing,listening,5.715476066494082,13,0.9393939299051118,48.0,Uneven Development
91,100,94,98,reading,speaking,listening,4.031128874149275,9,0.9742267991019238,95.75,Balanced
29,28,31,40,writing,reading,speaking,5.477225575051661,12,1.169491505601839,32.0,Uneven Development
28,23,33,38,writing,reading,speaking,6.454972243679028,15,1.1785714075255107,30.5,Uneven Development
89,91,92,91,listening,speaking,reading,1.2583057392117916,3,0.98360655200215,90.75,Balanced
75,78,81,77,listening,speaking,writing,2.5,6,0.9559748367548753,77.75,Balanced
32,39,36,38,reading,speaking,listening,3.095695936834452,7,0.9333333208888891,36.25,Balanced
58,67,57,68,writing,listening,speaking,5.802298395176403,11,1.0161290240634757,62.5,Balanced
62,68,55,54,reading,writing,listening,6.551081335677848,14,0.9430894232269152,59.75,Uneven Development
39,47,38,46,reading,listening,speaking,4.654746681256314,9,0.9999999882352942,42.5,Balanced
93,95,99,94,listening,speaking,writing,2.6299556396765835,6,0.9639175208045488,95.25,Balanced
38,29,28,28,speaking,listening,listening,4.856267428111155,10,1.157894716528163,30.75,Balanced
91,89,94,91,listening,reading,speaking,2.0615528128088303,5,0.9945355136910627,91.25,Balanced
61,64,57,55,reading,writing,listening,4.031128874149275,9,0.9586776780274572,59.25,Balanced
81,71,82,83,writing,reading,speaking,5.560275772537426,12,1.071895417830749,79.25,Uneven Development
67,59,62,61,speaking,reading,writing,3.4034296427770228,8,1.0578512309268493,62.25,Balanced
85,91,91,86,reading,speaking,writing,3.2015621187164243,6,0.9395604343980196,88.25,Balanced
74,81,81,74,reading,speaking,writing,4.041451884327381,7,0.913580241274196,77.5,Balanced
44,49,42,55,writing,listening,speaking,5.802298395176403,13,1.0879120759570102,47.5,Uneven Development
53,40,51,52,speaking,reading,listening,6.0553007081949835,13,1.153846141166526,49.0,Uneven Development
49,42,45,45,speaking,reading,listening,2.8722813232690143,7,1.0804597576958648,45.25,Balanced
85,80,80,81,speaking,reading,listening,2.3804761428476167,5,1.037499993515625,81.5,Balanced
53,47,41,48,speaking,listening,reading,4.924428900898052,12,1.1477272596849175,47.25,Uneven Development
84,74,76,81,speaking,reading,listening,4.573474244670748,10,1.0999999926666668,78.75,Balanced
65,60,63,62,speaking,reading,writing,2.0816659994661326,5,1.032520316808778,62.5,Balanced
34,27,31,40,writing,reading,listening,5.477225575051661,13,1.2758620469678958,33.0,Uneven Development
99,100,97,96,reading,writing,listening,1.8257418583505538,4,0.989847710711433,98.0,Balanced
91,88,85,92,writing,listening,reading,3.1622776601683795,7,1.0578034620936216,89.0,Balanced
82,77,75,78,speaking,listening,reading,2.943920288775949,7,1.0526315720221606,78.0,Balanced
48,40,55,54,listening,reading,speaking,6.898067362191626,15,1.0736841992243769,49.25,Uneven Development
45,56,55,47,reading,speaking,writing,5.560275772537426,11,0.8288288213619025,50.75,Balanced
49,49,43,46,speaking,listening,writing,2.8722813232690143,6,1.0326086844281666,46.75,Balanced
58,60,66,60,listening,speaking,reading,3.4641016151377544,8,0.9365079290753339,61.0,Balanced
98,99,93,98,reading,listening,speaking,2.70801280154532,6,1.0208333280164932,97.0,Balanced
67,56,59,59,speaking,reading,listening,4.716990566028302,11,1.0956521643856334,60.25,Balanced
68,54,68,61,speaking,reading,writing,6.701989754294367,14,1.057377040513303,62.75,Uneven Development
70,82,71,78,reading,speaking,listening,5.737304826019502,12,0.9673202551155539,75.25,Uneven Development
41,57,43,52,reading,speaking,listening,7.544313531837517,16,0.9299999907000002,48.25,Uneven Development
59,63,68,61,listening,speaking,writing,3.8622100754188224,9,0.9160305273585456,62.75,Balanced
38,28,32,29,speaking,reading,writing,4.5,10,1.1166666480555558,31.75,Balanced
37,29,39,35,listening,reading,writing,4.320493798938574,10,1.0588235138408306,35.0,Balanced
31,29,27,31,speaking,listening,reading,1.9148542155126762,4,1.1071428373724495,29.5,Balanced
51,44,40,42,speaking,listening,writing,4.7871355387816905,11,1.1071428439625852,44.25,Balanced
73,85,78,79,reading,speaking,listening,4.924428900898052,12,0.9325153317023599,78.75,Uneven Development
66,67,64,58,reading,writing,listening,4.031128874149275,9,0.9465648782704972,63.75,Balanced
78,78,81,74,listening,writing,speaking,2.8722813232690143,7,0.9559748367548753,77.75,Balanced
38,27,31,25,speaking,writing,reading,5.737304826019502,13,1.0862068778240195,30.25,Uneven Development
58,67,69,55,listening,writing,speaking,6.800735254367722,14,0.8308823468317474,62.25,Uneven Development
58,62,58,62,reading,speaking,listening,2.309401076758503,4,0.9999999916666668,60.0,Balanced
37,26,33,39,writing,reading,listening,5.737304826019502,13,1.2881355713875327,33.75,Uneven Development
68,69,64,59,reading,writing,listening,4.546060565661952,10,0.9548872108655098,65.0,Balanced
86,88,87,85,reading,writing,speaking,1.2909944487358056,3,0.9771428515591837,86.5,Balanced
29,25,30,28,listening,reading,writing,2.160246899469287,5,1.0363636175206616,28.0,Balanced
30,42,25,30,reading,listening,speaking,7.22841614740048,17,0.8955223746936959,31.75,Uneven Development
88,88,90,88,listening,speaking,reading,1.0,2,0.9887640393889661,88.5,Balanced
26,37,35,28,reading,speaking,writing,5.32290647422377,11,0.7499999895833335,31.5,Balanced
28,30,29,25,reading,writing,speaking,2.160246899469287,5,0.8983050695202531,28.0,Balanced
91,90,87,84,speaking,writing,listening,3.1622776601683795,7,0.9887005593858725,88.0,Balanced
31,37,34,27,reading,writing,speaking,4.272001872658765,10,0.8169013969450508,32.25,Balanced
30,34,34,32,reading,speaking,writing,1.9148542155126762,4,0.9117646924740487,32.5,Balanced
46,40,46,44,speaking,reading,writing,2.8284271247461903,6,1.046511615738237,44.0,Balanced
55,54,59,54,listening,reading,writing,2.3804761428476167,5,0.9646017613752057,55.5,Balanced
34,26,33,28,speaking,reading,writing,3.8622100754188224,8,1.0508474398161451,30.25,Balanced
99,99,100,99,listening,speaking,reading,0.5,1,0.9949748693719856,99.25,Balanced
54,42,40,51,speaking,listening,reading,6.800735254367722,14,1.280487789262344,46.75,Uneven Development
90,85,83,88,speaking,listening,reading,3.1091263510296048,7,1.0595238032171201,86.5,Balanced
47,41,41,52,writing,reading,listening,5.315072906367325,11,1.207317058447353,45.25,Balanced
59,59,64,56,listening,writing,speaking,3.3166247903554,8,0.9349593419922005,59.5,Balanced
40,50,42,47,reading,speaking,listening,4.573474244670748,10,0.9456521636342157,44.75,Balanced
87,88,89,89,listening,speaking,reading,0.9574271077563381,2,0.9943502768680775,88.25,Balanced
55,65,59,64,reading,speaking,listening,4.645786621588784,10,0.9596774116155048,60.75,Balanced
91,86,91,85,speaking,writing,reading,3.2015621187164243,6,0.9943502768680775,88.25,Balanced
62,60,57,61,speaking,listening,reading,2.160246899469287,5,1.0512820422967346,60.0,Balanced
49,54,41,42,reading,listening,writing,6.137317546507322,13,0.9578947267590029,46.5,Uneven Development
70,75,74,86,writing,speaking,listening,6.849574196011505,16,1.0469798587451016,76.25,Uneven Development
76,78,84,74,listening,writing,speaking,4.320493798938574,10,0.9259259202103338,78.0,Balanced
52,43,53,40,listening,writing,reading,6.48074069840786,13,0.9583333233506945,47.0,Uneven Development
33,40,38,35,reading,speaking,writing,3.1091263510296048,7,0.8717948606180146,36.5,Balanced
37,35,26,38,writing,listening,reading,5.477225575051661,12,1.2295081765654399,34.0,Uneven Development
97,98,96,92,reading,writing,listening,2.6299556396765835,6,0.9742267991019238,95.75,Balanced
38,39,36,34,reading,writing,listening,2.217355782608345,5,0.9599999872000002,36.75,Balanced
40,45,48,46,listening,speaking,reading,3.4034296427770228,8,0.924731172852353,44.75,Balanced
90,92,92,86,reading,writing,speaking,2.8284271247461903,6,0.9565217339319471,90.0,Balanced
76,85,75,83,reading,listening,speaking,4.9916597106239795,10,0.9937499937890626,79.75,Balanced
50,50,55,46,listening,writing,speaking,3.685557397915997,9,0.9142857055782314,50.25,Balanced
76,73,85,87,writing,reading,speaking,6.800735254367722,14,1.031645563090851,80.25,Uneven Development
40,42,41,43,writing,speaking,listening,1.2909944487358056,3,0.9999999879518074,41.5,Balanced
53,56,56,51,reading,writing,speaking,2.449489742783178,5,0.9285714202806123,54.0,Balanced
40,33,29,38,speaking,listening,reading,4.96655480858378,11,1.2580644958376694,35.0,Balanced
73,81,72,83,writing,listening,speaking,5.560275772537426,11,1.0196078364731513,77.25,Balanced
95,99,100,99,listening,speaking,reading,2.217355782608345,5,0.9748743669604303,98.25,Balanced
40,25,33,30,speaking,reading,writing,6.27162924074226,15,1.206896530915577,32.0,Uneven Development
60,62,61,63,writing,speaking,listening,1.2909944487358056,3,0.9999999918699188,61.5,Balanced
75,78,72,74,reading,listening,writing,2.5,6,0.9933333267111112,74.75,Balanced
54,67,63,59,reading,speaking,writing,5.560275772537426,13,0.8692307625443788,60.75,Uneven Development
63,67,59,62,reading,listening,writing,3.304037933599835,8,0.9920634841899724,62.75,Balanced
37,30,26,27,speaking,listening,writing,4.96655480858378,11,1.14285712244898,30.0,Balanced
94,97,99,93,listening,writing,speaking,2.753785273643051,6,0.9540816277852978,95.75,Balanced
61,63,59,57,reading,writing,listening,2.581988897471611,6,0.967213106826122,60.0,Balanced
54,57,63,65,writing,speaking,reading,5.123475382979799,11,0.9916666584027779,59.75,Balanced
65,57,69,56,listening,writing,reading,6.2915286960589585,13,0.9603174526958933,61.75,Uneven Development
53,43,54,53,listening,reading,speaking,5.188127472091127,11,1.09278349388883,50.75,Balanced
58,60,62,60,listening,speaking,reading,1.632993161855452,4,0.967213106826122,60.0,Balanced
92,86,86,87,speaking,reading,listening,2.8722813232690143,6,1.040697668368037,87.75,Balanced
77,79,72,82,writing,listening,speaking,4.203173404306164,10,1.0529801254769529,77.5,Balanced
68,72,67,64,reading,writing,listening,3.304037933599835,8,0.9496402809378397,67.75,Balanced
55,63,62,62,reading,speaking,listening,3.696845502136472,8,0.9359999925120001,60.5,Balanced
39,31,40,26,listening,writing,reading,6.683312551921141,14,0.9154929448522121,34.0,Uneven Development
45,42,54,41,listening,writing,reading,5.916079783099616,13,0.8958333240017362,45.5,Uneven Development
37,29,42,29,listening,reading,writing,6.3966136874651625,13,0.9295774516960923,34.25,Uneven Development
79,74,71,82,writing,listening,reading,4.932882862316247,11,1.1103448199286565,76.5,Balanced
36,38,35,33,reading,writing,listening,2.0816659994661326,5,0.9452054665040347,35.5,Balanced
83,88,91,85,listening,speaking,writing,3.5,8,0.9385474807902375,86.75,Balanced
39,43,50,49,listening,speaking,reading,5.188127472091127,11,0.9462365489651984,45.25,Balanced
81,85,85,80,reading,writing,speaking,2.6299556396765835,5,0.9470588179584776,82.75,Balanced
66,58,58,61,speaking,reading,listening,3.774917217635375,8,1.0948275767687279,60.75,Balanced
93,88,89,88,speaking,reading,writing,2.3804761428476167,5,1.0225988642791024,89.5,Balanced
44,40,53,55,writing,reading,speaking,7.164728420068226,15,1.0645161175858482,48.0,Uneven Development
91,93,94,97,writing,speaking,reading,2.5,6,1.0053475882066973,93.75,Balanced
82,80,84,83,listening,reading,speaking,1.707825127659933,4,1.0060975548408686,82.25,Balanced
31,25,30,36,writing,reading,listening,4.509249752822894,11,1.2181817960330583,30.5,Balanced
87,84,89,85,listening,reading,writing,2.217355782608345,5,0.9942196474322564,86.25,Balanced
29,28,29,31,writing,reading,speaking,1.2583057392117916,3,1.0526315604801482,29.25,Balanced
65,67,70,68,listening,speaking,reading,2.0816659994661326,5,0.9708029126218766,67.5,Balanced
50,46,39,53,writing,listening,reading,6.0553007081949835,14,1.2117646916262979,47.0,Uneven Development
90,86,88,85,speaking,writing,reading,2.217355782608345,5,1.0057471206566257,87.25,Balanced
83,84,84,70,reading,writing,speaking,6.849574196011505,14,0.9107142802933674,80.25,Uneven Development
62,65,66,62,listening,speaking,writing,2.0615528128088303,4,0.9465648782704972,63.75,Balanced
90,85,87,89,speaking,reading,listening,2.217355782608345,5,1.040697668368037,87.75,Balanced
100,99,100,100,speaking,reading,speaking,0.5,1,1.0050251205777632,99.75,Balanced
82,84,83,81,reading,writing,speaking,1.2909944487358056,3,0.9760478983470185,82.5,Balanced
53,50,52,46,speaking,writing,reading,3.095695936834452,7,0.9705882257785469,50.25,Balanced
32,30,30,32,speaking,reading,listening,1.1547005383792515,2,1.0666666488888892,31.0,Balanced
64,61,57,62,speaking,listening,reading,2.943920288775949,7,1.067796601120368,61.0,Balanced
61,64,59,61,reading,listening,speaking,2.0615528128088303,5,0.991869910635204,61.25,Balanced
86,79,87,82,listening,reading,writing,3.696845502136472,8,1.0120481866744084,83.5,Balanced
65,57,55,60,speaking,listening,reading,4.349329450233296,10,1.1160714186065053,59.25,Balanced
39,43,44,48,writing,speaking,reading,3.696845502136472,9,0.9999999885057473,43.5,Balanced
54,48,45,54,speaking,listening,reading,4.5,9,1.1612903100936527,50.25,Balanced
41,43,42,43,reading,speaking,listening,0.9574271077563381,2,0.9882352824913496,42.25,Balanced
62,66,57,59,reading,listening,writing,3.9157800414902435,9,0.9837398294004892,61.0,Balanced
44,53,46,43,reading,writing,speaking,4.509249752822894,10,0.8787878699112337,46.5,Balanced
79,80,81,74,listening,writing,speaking,3.1091263510296048,7,0.9503105531036612,78.5,Balanced
54,62,59,68,writing,speaking,listening,5.852349955359813,14,1.0082644544771533,60.75,Uneven Development
61,61,69,61,listening,speaking,reading,4.0,8,0.9384615312426037,63.0,Balanced
79,72,78,82,writing,reading,listening,4.193248541803041,10,1.0733333261777778,77.75,Balanced
85,74,84,78,speaking,reading,writing,5.188127472091127,11,1.031645563090851,80.25,Balanced
50,41,54,51,listening,reading,speaking,5.597618541248888,13,1.0631578835457065,49.0,Uneven Development
40,30,39,32,speaking,reading,writing,4.9916597106239795,10,1.0434782457466922,35.25,Balanced
61,65,68,70,writing,speaking,reading,3.9157800414902435,9,0.9849623986093053,66.0,Balanced
39,44,44,48,writing,speaking,reading,3.685557397915997,9,0.9886363524018597,43.75,Balanced
37,32,37,33,speaking,reading,writing,2.6299556396765835,5,1.014492738920395,34.75,Balanced
59,67,62,56,reading,writing,speaking,4.69041575982343,11,0.8914728613064119,61.0,Balanced
25,41,26,31,reading,speaking,listening,7.32006375199925,16,0.8358208830474495,30.75,Uneven Development
84,87,94,88,listening,speaking,reading,4.193248541803041,10,0.9502762378437777,88.25,Balanced
51,49,46,49,speaking,listening,reading,2.0615528128088303,5,1.0526315678670362,48.75,Balanced
75,80,73,72,reading,writing,listening,3.559026084010437,8,0.9607843074458542,75.0,Balanced
80,85,73,73,reading,listening,listening,5.852349955359813,12,0.9683544242509213,77.75,Uneven Development
80,88,85,82,reading,speaking,writing,3.5,8,0.936416179558288,83.75,Balanced
94,93,99,94,listening,reading,speaking,2.70801280154532,6,0.9791666615668403,95.0,Balanced
37,41,41,33,reading,writing,speaking,3.8297084310253524,8,0.853658526174896,38.0,Balanced
80,74,78,73,speaking,writing,reading,3.304037933599835,7,1.0065789407461911,76.25,Balanced
43,41,44,42,listening,reading,writing,1.2909944487358056,3,0.9999999882352942,42.5,Balanced
40,41,55,54,listening,speaking,reading,8.103497187428813,15,0.9791666564670141,47.5,Uneven Development
91,88,93,90,listening,reading,writing,2.0816659994661326,5,0.9999999944751382,90.5,Balanced
63,61,65,61,listening,reading,writing,1.9148542155126762,4,0.9841269763164526,62.5,Balanced
75,85,78,81,reading,speaking,listening,4.272001872658765,10,0.957055208852422,79.75,Balanced
36,31,26,38,writing,listening,reading,5.377421934967226,12,1.2982455912588493,32.75,Uneven Development
48,56,57,43,listening,writing,speaking,6.683312551921141,14,0.8053097273866396,51.0,Uneven Development
75,81,84,82,listening,speaking,reading,3.872983346207417,9,0.951515145748393,80.5,Balanced
45,47,46,44,reading,writing,speaking,1.2909944487358056,3,0.9569892370216211,45.5,Balanced
50,51,49,52,writing,listening,speaking,1.2909944487358056,3,1.0199999898,50.5,Balanced
80,70,69,75,speaking,listening,reading,5.066228051190222,11,1.1151079056467057,73.5,Balanced
70,67,55,54,speaking,writing,listening,8.18535277187245,16,1.016393434291857,61.5,Uneven Development
99,96,98,95,speaking,writing,reading,1.8257418583505538,4,0.9999999948453608,97.0,Balanced
59,67,60,56,reading,writing,speaking,4.654746681256314,11,0.9055118038936079,60.5,Balanced
50,45,55,47,listening,reading,writing,4.349329450233296,10,0.9699999903000002,49.25,Balanced
66,64,61,60,speaking,writing,listening,2.753785273643051,6,1.007999991936,62.75,Balanced
45,40,46,54,writing,reading,speaking,5.795112883571237,14,1.1511627773120607,46.25,Uneven Development
57,66,63,70,writing,speaking,listening,5.477225575051661,13,0.9844961163992549,64.0,Uneven Development
71,72,85,77,listening,speaking,reading,6.3966136874651625,14,0.9426751532313684,76.25,Uneven Development
49,48,44,45,speaking,listening,writing,2.3804761428476167,5,1.0217391193289227,46.5,Balanced
26,29,37,29,listening,speaking,reading,4.716990566028302,11,0.8333333207070709,30.25,Balanced
30,39,28,30,reading,listening,speaking,4.924428900898052,11,0.8955223746936959,31.75,Balanced
52,50,51,41,speaking,writing,reading,5.066228051190222,11,0.9207920700911676,48.5,Balanced
98,97,98,97,speaking,reading,writing,0.5773502691896257,1,0.9999999948717949,97.5,Balanced
30,29,42,35,listening,reading,speaking,5.94418483337567,13,0.9154929448522121,34.0,Uneven Development
88,91,87,92,writing,listening,speaking,2.3804761428476167,5,1.0112359493750789,89.5,Balanced
90,89,93,89,listening,reading,writing,1.8929694486000912,4,0.9835164781125468,90.25,Balanced
54,54,53,49,speaking,writing,listening,2.3804761428476167,5,0.9626168134334877,52.5,Balanced
25,28,42,40,listening,speaking,reading,8.5,17,0.9285714153061226,33.75,Uneven Development
63,57,70,57,listening,reading,writing,6.18465843842649,13,0.9448818823237647,61.75,Uneven Development
42,52,57,41,listening,writing,speaking,7.788880963698615,16,0.761467882922313,48.0,Uneven Development
31,42,34,38,reading,speaking,listening,4.7871355387816905,11,0.9078947248961221,36.25,Balanced
58,60,70,60,listening,speaking,reading,5.41602560309064,12,0.9076923007100592,62.0,Uneven Development
98,97,100,96,listening,writing,reading,1.707825127659933,4,0.9847715686052205,97.75,Balanced
70,61,63,65,speaking,reading,listening,3.8622100754188224,9,1.0887096686394382,64.75,Balanced
68,59,65,56,speaking,writing,reading,5.477225575051661,12,0.999999991935484,62.0,Uneven Development
65,67,58,64,reading,listening,writing,3.872983346207417,9,1.0319999917440001,63.5,Balanced
65,64,66,61,listening,writing,reading,2.160246899469287,5,0.969230761775148,64.0,Balanced
39,26,29,25,speaking,writing,reading,6.3966136874651625,14,1.1636363424793392,29.75,Uneven Development
48,54,52,47,reading,writing,speaking,3.304037933599835,7,0.8962264066393736,50.25,Balanced
42,40,45,41,listening,reading,writing,2.160246899469287,5,0.976470576747405,42.0,Balanced
41,35,38,37,speaking,reading,writing,2.5,6,1.0684931360480392,37.75,Balanced
66,65,67,55,listening,writing,reading,5.560275772537426,12,0.9166666597222223,63.25,Uneven Development
32,38,35,39,writing,speaking,listening,3.1622776601683795,7,0.9726027264027024,36.0,Balanced
81,84,80,79,reading,writing,listening,2.160246899469287,5,0.9756097501487211,81.0,Balanced
47,47,46,47,speaking,listening,speaking,0.5,1,1.0107526773037347,46.75,Balanced
66,67,65,66,reading,listening,speaking,0.816496580927726,2,0.9999999924242425,66.0,Balanced
57,61,67,65,listening,speaking,reading,4.43471156521669,10,0.953124992553711,62.5,Balanced
75,74,78,70,listening,writing,reading,3.304037933599835,8,0.9539473621450831,74.25,Balanced
100,93,92,98,speaking,listening,reading,3.8622100754188224,8,1.0702702644850257,95.75,Balanced
92,90,88,92,speaking,listening,reading,1.9148542155126762,4,1.033707859361192,90.5,Balanced
39,29,27,27,speaking,listening,listening,5.744562646538029,12,1.1785714075255107,30.5,Uneven Development
68,53,59,59,speaking,reading,listening,6.18465843842649,15,1.1339285613042094,59.75,Uneven Development
33,39,37,30,reading,writing,speaking,4.031128874149275,9,0.8289473575138506,34.75,Balanced
98,98,100,100,listening,speaking,reading,1.1547005383792515,2,0.999999994949495,99.0,Balanced
59,62,59,62,reading,speaking,listening,1.7320508075688772,3,0.9999999917355373,60.5,Balanced
62,62,57,69,writing,listening,speaking,4.932882862316247,12,1.1008403268836948,62.5,Uneven Development
33,29,38,36,listening,reading,speaking,3.9157800414902435,9,1.0298507308977503,34.0,Balanced
25,28,28,33,writing,speaking,reading,3.3166247903554,8,1.0357142672193882,28.5,Balanced
72,81,70,70,reading,listening,listening,5.251983752196243,11,0.9403973447655806,73.25,Balanced
32,31,29,35,writing,listening,reading,2.5,6,1.1166666480555558,31.75,Balanced
37,27,36,34,speaking,reading,writing,4.509249752822894,10,1.1269841090954904,33.5,Balanced
65,67,66,64,reading,writing,speaking,1.2909944487358056,3,0.9699248047374075,65.5,Balanced
100,100,95,94,speaking,writing,listening,3.2015621187164243,6,0.9948717897698882,97.25,Balanced
91,93,92,94,writing,speaking,listening,1.2909944487358056,3,0.9999999945945947,92.5,Balanced
81,81,76,82,writing,listening,speaking,2.70801280154532,6,1.0382165538967099,80.0,Balanced
89,92,88,92,reading,listening,speaking,2.0615528128088303,4,1.0055555499691358,90.25,Balanced
74,79,79,72,reading,writing,speaking,3.559026084010437,7,0.9240506270629707,76.0,Balanced
70,75,78,82,writing,speaking,reading,5.057996968497839,12,0.9934640457943527,76.25,Uneven Development
38,38,29,31,speaking,listening,writing,4.69041575982343,9,1.0298507308977503,34.0,Balanced
51,42,42,46,speaking,reading,listening,4.272001872658765,9,1.1547618910147395,45.25,Balanced
67,72,69,71,reading,speaking,listening,2.217355782608345,5,0.9787233973140185,69.75,Balanced
58,62,70,62,listening,speaking,reading,5.033222956847166,12,0.9090909022038568,63.0,Uneven Development
56,58,57,54,reading,writing,speaking,1.707825127659933,4,0.9565217308128545,56.25,Balanced
29,34,29,38,writing,speaking,listening,4.358898943540674,9,1.0634920466112374,32.5,Balanced
71,84,73,84,reading,speaking,listening,6.97614984548545,13,0.9872611402085277,78.0,Uneven Development
46,47,51,52,writing,speaking,reading,2.943920288775949,6,0.9999999897959185,49.0,Balanced
39,41,44,42,listening,speaking,reading,2.0816659994661326,5,0.9529411652595158,41.5,Balanced
88,92,89,86,reading,writing,speaking,2.5,6,0.9613259615396356,88.75,Balanced
34,32,34,38,writing,reading,speaking,2.516611478423583,6,1.0909090743801655,34.5,Balanced
59,53,60,55,listening,reading,writing,3.304037933599835,7,1.008849548594252,56.75,Balanced
60,61,58,71,writing,listening,speaking,5.802298395176403,13,1.1008403268836948,62.5,Uneven Development
54,56,45,51,reading,listening,writing,4.795831523312719,11,1.0396039501029313,51.5,Balanced
53,48,40,47,speaking,listening,writing,5.354126134736337,13,1.1363636234504133,47.0,Uneven Development
83,71,73,72,speaking,reading,writing,5.560275772537426,12,1.0763888814139662,74.75,Uneven Development
87,93,89,86,reading,writing,speaking,3.095695936834452,7,0.9505494453266514,88.75,Balanced
31,42,29,32,reading,listening,speaking,5.802298395176403,13,0.8873239311644517,33.5,Uneven Development
51,48,52,48,listening,reading,writing,2.0615528128088303,4,0.9899999901000002,49.75,Balanced
29,34,39,23,listening,writing,speaking,6.849574196011505,16,0.7123287573653595,31.25,Uneven Development
